,crime_type,date,address,Latitude,Longitude
0,Burglary,2018-03-08 0:00:00,300 BLOCK OF 43RD ST,,
1,Burglary,2018-03-08 0:00:00,,,
2,Burglary,2018-03-08 0:00:00,200 BLOCK OF HUMBOLDT ST,40.7450055,-123.8695086
3,Burglary,2018-03-08 0:00:00,350-398 W 49TH ST,40.7626388,-73.9891817
4,Burglary,2018-03-08 0:00:00,100 BLOCK OF E BROADWAY,,
5,Burglary,2018-03-08 0:00:00,200 BLOCK OF HUMBOLDT ST,40.7450055,-123.8695086
6,Burglary,2018-03-08 0:00:00,,,
7,Burglary,2018-03-08 0:00:00,,,
8,Burglary,2018-03-08 0:00:00,16000 BLOCK OF 21ST RD,,
9,Burglary,2018-03-08 0:00:00,279-299 W 22ND ST,40.8320409,-73.4372877
10,Burglary,2018-03-08 0:00:00,2000 BLOCK OF MCDONALD AVE,40.6037966,-73.97255
11,Burglary,2018-03-08 0:00:00,,,
12,Burglary,2018-03-08 0:00:00,5100 BLOCK OF 2ND AVE,,
13,Burglary,2018-03-08 0:00:00,,,
14,Burglary,2018-03-08 0:00:00,200 BLOCK OF ELLERY ST,40.6987207,-73.944833
15,Burglary,2018-03-08 0:00:00,800 BLOCK OF CARROLL ST,40.672401,-73.975045
16,Burglary,2018-03-08 0:00:00,,,
17,Burglary,2018-03-08 0:00:00,300 BLOCK OF GRAHAM AVE,40.7127393,-73.9438448
18,Burglary,2018-03-08 0:00:00,,,
19,Burglary,2018-03-08 0:00:00,1101-1117 W FARMS RD,40.1835901,-74.2542422
20,Burglary,2018-03-08 0:00:00,132-98 133 ST,,
21,Burglary,2018-03-08 0:00:00,,,
22,Burglary,2018-03-08 0:00:00,,,
23,Burglary,2018-03-08 0:00:00,18-65 211TH ST,40.780811,-73.7810179
24,Burglary,2018-03-08 0:00:00,75-1-75-15 YELLOWSTONE BLVD,40.7150573,-73.8586661
25,Burglary,2018-03-08 0:00:00,2400 BLOCK OF E 23RD ST,37.7891559,-122.2281145
26,Burglary,2018-03-07 0:00:00,00 BLOCK OF AVENUE W,40.5960217,-73.9405505
27,Burglary,2018-03-07 0:00:00,360-368 MORRIS AVE,41.842889,-71.3968688
28,Burglary,2018-03-07 0:00:00,30-54 E 55TH ST,40.6576212,-73.9264428
29,Burglary,2018-03-07 0:00:00,217-73-217-99 68TH AVE,26.1271479,-80.2379142
30,Burglary,2018-03-07 0:00:00,,,
31,Burglary,2018-03-07 0:00:00,103-2-103-8 ROOSEVELT AVE,40.749389,-73.862535
32,Burglary,2018-03-07 0:00:00,200 BLOCK OF W 102ND ST,40.7978795,-73.9679199
33,Burglary,2018-03-07 0:00:00,00 BLOCK OF LOTT AVE,40.6580105,-73.907312
34,Burglary,2018-03-07 0:00:00,00 BLOCK OF 70TH AVE,37.7595941,-122.1906215
35,Burglary,2018-03-07 0:00:00,00 BLOCK OF DEARBORN CT,42.3222599,-83.1763145
36,Burglary,2018-03-07 0:00:00,,,
37,Burglary,2018-03-07 0:00:00,,,
38,Burglary,2018-03-07 0:00:00,49-0 108TH ST,40.7406992,-73.8536185
39,Burglary,2018-03-07 0:00:00,2900 BLOCK OF FREDERICK DOUGLASS BLVD,40.8281222,-73.9377044
40,Burglary,2018-03-07 0:00:00,,,
41,Burglary,2018-03-07 0:00:00,,,
42,Burglary,2018-03-07 0:00:00,,,
43,Burglary,2018-03-07 0:00:00,3100 BLOCK OF HEATH AVE,40.878121,-73.9009319
44,Burglary,2018-03-07 0:00:00,,,
45,Burglary,2018-03-07 0:00:00,11-25 IRVING AVE,40.6924719,-73.9026452
46,Burglary,2018-03-07 0:00:00,,,
47,Burglary,2018-03-06 0:00:00,13100 BLOCK OF SANFORD AVE,40.7546557,-73.8331591
48,Burglary,2018-03-06 0:00:00,1800 BLOCK OF W 9TH ST,42.1118982,-80.1235058
49,Burglary,2018-03-06 0:00:00,2026-20210 42ND AVE,40.7599082,-73.7818868
50,Burglary,2018-03-06 0:00:00,160-1 NY-25A,40.7725891,-73.803882
51,Burglary,2018-03-06 0:00:00,00 BLOCK OF E 32ND ST,29.8156264,-95.3909816
52,Burglary,2018-03-06 0:00:00,500 BLOCK OF ROGERS AVE,35.3870096,-94.4270361
53,Burglary,2018-03-06 0:00:00,,,
54,Burglary,2018-03-06 0:00:00,,,
55,Burglary,2018-03-06 0:00:00,1300 BLOCK OF NOBLE AVE,,
56,Burglary,2018-03-06 0:00:00,500 BLOCK OF 7TH AVE,40.7532218,-73.9892771
57,Burglary,2018-03-06 0:00:00,,,
58,Burglary,2018-03-06 0:00:00,,,
59,Burglary,2018-03-06 0:00:00,,,
60,Burglary,2018-03-06 0:00:00,3102-3136 WESTCHESTER AVE,40.8491821,-73.8305383
61,Burglary,2018-03-06 0:00:00,450-454 CHAUNCEY ST,40.6821377,-73.9143346
62,Burglary,2018-03-06 0:00:00,,,
63,Burglary,2018-03-06 0:00:00,,,
64,Burglary,2018-03-06 0:00:00,,,
65,Burglary,2018-03-06 0:00:00,,,
66,Burglary,2018-03-06 0:00:00,,,
67,Burglary,2018-03-06 0:00:00,209-99 86TH DR,40.724981,-73.7585754
68,Burglary,2018-03-06 0:00:00,700 BLOCK OF JAMAICA AVE,40.6868776,-73.8783012
69,Burglary,2018-03-06 0:00:00,500 BLOCK OF 60TH ST,38.8959627,-76.9152268
70,Burglary,2018-03-06 0:00:00,300 BLOCK OF W 234TH ST,40.8833037,-73.9059768
71,Burglary,2018-03-06 0:00:00,1500 BLOCK OF LELAND AVE,40.8378042,-73.8645159
72,Burglary,2018-03-06 0:00:00,,,
73,Burglary,2018-03-06 0:00:00,,,
74,Burglary,2018-03-06 0:00:00,00 BLOCK OF SYLVAN CT,41.6032207,-73.087749
75,Burglary,2018-03-06 0:00:00,,,
76,Burglary,2018-03-05 0:00:00,8600 BLOCK OF 25TH AVE,47.6912641,-122.3012281
77,Burglary,2018-03-05 0:00:00,2800 BLOCK OF CRAIG W. STAUB WAY,,
78,Burglary,2018-03-05 0:00:00,24200 BLOCK OF MERRICK BLVD,40.6737458,-73.7318268
79,Burglary,2018-03-05 0:00:00,,,
80,Burglary,2018-03-05 0:00:00,,,
81,Burglary,2018-03-05 0:00:00,1200 BLOCK OF 36TH ST,39.3309537,-76.6353305
82,Burglary,2018-03-05 0:00:00,,,
83,Burglary,2018-03-05 0:00:00,,,
84,Burglary,2018-03-05 0:00:00,,,
85,Burglary,2018-03-05 0:00:00,,,
86,Burglary,2018-03-05 0:00:00,700 BLOCK OF JEFFERSON AVE,36.9690865,-76.4121999
87,Burglary,2018-03-05 0:00:00,200 BLOCK OF CHAUNCEY ST,40.6804558,-73.9260002
88,Burglary,2018-03-05 0:00:00,,,
89,Burglary,2018-03-05 0:00:00,131-80 39TH AVE,29.6892436,-82.4806489
90,Burglary,2018-03-05 0:00:00,700 BLOCK OF E 144TH ST,41.633696,-87.6048869
91,Burglary,2018-03-05 0:00:00,100 BLOCK OF W 119TH ST,40.8040587,-73.9487622
92,Burglary,2018-03-05 0:00:00,200 BLOCK OF E 3RD ST,40.7226894,-73.9833023
93,Burglary,2018-03-05 0:00:00,1400 BLOCK OF ATLANTIC AVE,36.842905,-75.9739354
94,Burglary,2018-03-05 0:00:00,00 BLOCK OF PIERREPONT ST,40.695463,-73.993978
95,Burglary,2018-03-05 0:00:00,9680-9720 KINGS HWY,40.6616481,-73.919591
96,Burglary,2018-03-05 0:00:00,2900 BLOCK OF BRIGHTON 3RD ST,40.580745,-73.9655504
97,Burglary,2018-03-05 0:00:00,,,
98,Burglary,2018-03-05 0:00:00,,,
99,Burglary,2018-03-05 0:00:00,1200 BLOCK OF TAYLOR AVE,47.6299599,-122.345951
100,Burglary,2018-03-05 0:00:00,,,
101,Burglary,2018-03-05 0:00:00,3000 BLOCK OF WALLACE AVE,39.8124799,-86.0886782
102,Burglary,2018-03-05 0:00:00,2000 BLOCK OF 5TH AVE,41.8678583,-87.838667
103,Burglary,2018-03-05 0:00:00,390-392 METROPOLITAN AVE,40.7139001,-73.9553842
104,Burglary,2018-03-05 0:00:00,200 BLOCK OF LEWIS AVE,41.8191607,-83.5698882
105,Burglary,2018-03-05 0:00:00,,,
106,Burglary,2018-03-05 0:00:00,,,
107,Burglary,2018-03-04 0:00:00,2990-2998 BROADWAY,40.809114,-73.9626768
108,Burglary,2018-03-04 0:00:00,500 BLOCK OF COMMONWEALTH AVE,42.348516,-71.0953716
109,Burglary,2018-03-04 0:00:00,,,
110,Burglary,2018-03-04 0:00:00,33-2 31ST AVE,40.7634088,-73.9218371
111,Burglary,2018-03-04 0:00:00,STANTON ST,40.7209979,-73.9869493
112,Burglary,2018-03-04 0:00:00,145-1 178TH PL,,
113,Burglary,2018-03-04 0:00:00,900 BLOCK OF MONTGOMERY ST,40.664253,-73.9351049
114,Burglary,2018-03-04 0:00:00,1000 BLOCK OF W FINGERBOARD RD,40.6009333,-74.0894037
115,Burglary,2018-03-04 0:00:00,100 BLOCK OF STUYVESANT PL,40.6436753,-74.0776629
116,Burglary,2018-03-04 0:00:00,,,
117,Burglary,2018-03-04 0:00:00,,,
118,Burglary,2018-03-04 0:00:00,00 BLOCK OF SEAMAN AVE,40.8690033,-73.9225823
119,Burglary,2018-03-04 0:00:00,,,
120,Burglary,2018-03-04 0:00:00,,,
121,Burglary,2018-03-04 0:00:00,2-20 ST PAULS CT,40.6507115,-73.9626013
122,Burglary,2018-03-04 0:00:00,00 BLOCK OF BRIDGE PARK DRIVE,40.6924525,-74.0002083
123,Burglary,2018-03-04 0:00:00,33-2 31ST AVE,40.7634088,-73.9218371
124,Burglary,2018-03-04 0:00:00,33-2 31ST AVE,40.7634088,-73.9218371
125,Burglary,2018-03-04 0:00:00,400 BLOCK OF W 30TH ST,32.198808,-110.974747
126,Burglary,2018-03-04 0:00:00,200 BLOCK OF BUSHWICK AVE,40.7089567,-73.9402749
127,Burglary,2018-03-04 0:00:00,,,
128,Burglary,2018-03-04 0:00:00,300 BLOCK OF CENTRAL AVE,34.515748,-93.0534642
129,Burglary,2018-03-04 0:00:00,2000 BLOCK OF W 8TH ST,,
130,Burglary,2018-03-04 0:00:00,600 BLOCK OF ARGYLE RD,32.4342919,-93.7673592
131,Burglary,2018-03-04 0:00:00,,,
132,Burglary,2018-03-04 0:00:00,100 BLOCK OF E 14TH ST,41.8645195,-87.6238055
133,Burglary,2018-03-04 0:00:00,400 BLOCK OF THROOP AVE,40.6904693,-73.9425908
134,Burglary,2018-03-04 0:00:00,,,
135,Burglary,2018-03-04 0:00:00,500 BLOCK OF VAN BUREN ST,40.6915505,-73.9286102
136,Burglary,2018-03-03 0:00:00,700 BLOCK OF OLMSTEAD AVE,40.8207295,-73.851583
137,Burglary,2018-03-03 0:00:00,,,
138,Burglary,2018-03-03 0:00:00,,,
139,Burglary,2018-03-03 0:00:00,6000 BLOCK OF MYRTLE AVE,33.8638535,-118.1817709
140,Burglary,2018-03-03 0:00:00,541-549 VANDERBILT AVE,40.6818474,-73.9675652
141,Burglary,2018-03-03 0:00:00,1600 BLOCK OF AVENUE U,40.5989314,-73.9554662
142,Burglary,2018-03-03 0:00:00,400 BLOCK OF E 164TH ST,40.8264158,-73.9117686
143,Burglary,2018-03-03 0:00:00,896A LAFAYETTE AVE,40.691346,-73.93656
144,Burglary,2018-03-03 0:00:00,2501-2515 E 27TH ST,45.6406891,-122.6515871
145,Burglary,2018-03-03 0:00:00,300 BLOCK OF BRITTON AVE,39.1522374,-84.3792377
146,Burglary,2018-03-03 0:00:00,600 BLOCK OF 58TH ST,41.5782212,-93.7871481
147,Burglary,2018-03-03 0:00:00,100 BLOCK OF E 169TH ST,40.8371605,-73.9178443
148,Burglary,2018-03-03 0:00:00,,,
149,Burglary,2018-03-03 0:00:00,,,
150,Burglary,2018-03-03 0:00:00,2350-2398 BATH AVE,40.59614,-73.9938309
151,Burglary,2018-03-03 0:00:00,,,
152,Burglary,2018-03-03 0:00:00,,,
153,Burglary,2018-03-03 0:00:00,,,
154,Burglary,2018-03-03 0:00:00,270-4 81ST AVE,40.7448641,-73.7009542
155,Burglary,2018-03-03 0:00:00,00 BLOCK OF GREENWICH AVE,41.0261143,-73.6258779
156,Burglary,2018-03-03 0:00:00,,,
157,Burglary,2018-03-03 0:00:00,1001-1003 43RD ST,41.8166703,-87.6016462
158,Burglary,2018-03-03 0:00:00,800 BLOCK OF 9TH AVE,,
159,Burglary,2018-03-03 0:00:00,31-90 33RD ST,40.7615987,-73.9238152
160,Burglary,2018-03-03 0:00:00,1900 BLOCK OF ADAM CLAYTON POWELL JR BLVD,40.8027286,-73.9533364
161,Burglary,2018-03-03 0:00:00,279-299 W 22ND ST,40.8320409,-73.4372877
162,Burglary,2018-03-03 0:00:00,51-55 SIMONSON ST,40.7359339,-73.8810662
163,Burglary,2018-03-03 0:00:00,200 BLOCK OF AINSLIE ST,40.7127485,-73.9464218
164,Burglary,2018-03-02 0:00:00,100 BLOCK OF W 21ST ST,39.8628509,-75.3684762
165,Burglary,2018-03-02 0:00:00,,,
166,Burglary,2018-03-02 0:00:00,22-1 42ND ST,40.771834,-73.9046146
167,Burglary,2018-03-02 0:00:00,22-1 42ND ST,40.771834,-73.9046146
168,Burglary,2018-03-02 0:00:00,400 BLOCK OF WILSON AVE,,
169,Burglary,2018-03-02 0:00:00,253-255 LEXINGTON AVE,,
170,Burglary,2018-03-02 0:00:00,00 BLOCK OF MESEROLE ST,40.708678,-73.93698
171,Burglary,2018-03-02 0:00:00,400 BLOCK OF E 176TH ST,41.4482129,-81.5559811
172,Burglary,2018-03-02 0:00:00,800 BLOCK OF 9TH AVE,,
173,Burglary,2018-03-02 0:00:00,300 BLOCK OF E 67TH ST,40.7654102,-73.960462
174,Burglary,2018-03-02 0:00:00,100 BLOCK OF W 39TH ST,40.7528622,-73.9859626
175,Burglary,2018-03-02 0:00:00,191-99 46TH AVE,40.7536435,-73.7889869
176,Burglary,2018-03-02 0:00:00,,,
177,Burglary,2018-03-02 0:00:00,42-98 157TH ST,40.7592309,-73.809157
178,Burglary,2018-03-02 0:00:00,253-255 LEXINGTON AVE,,
179,Burglary,2018-03-02 0:00:00,100 BLOCK OF W 16TH ST,40.360051,-94.8731639
180,Burglary,2018-03-02 0:00:00,,,
181,Burglary,2018-03-02 0:00:00,200 BLOCK OF ONDERDONK AVE,40.71029,-73.917883
182,Burglary,2018-03-02 0:00:00,,,
183,Burglary,2018-03-02 0:00:00,500 BLOCK OF ACADEMY ST,,
184,Burglary,2018-03-02 0:00:00,227-98 116TH AVE,,
185,Burglary,2018-03-02 0:00:00,3100-3104 FARRAGUT RD,40.6363357,-73.9470369
186,Burglary,2018-03-02 0:00:00,700 BLOCK OF E 185TH ST,41.5885632,-81.5501634
187,Burglary,2018-03-02 0:00:00,8500 BLOCK OF 16TH AVE,,
188,Burglary,2018-03-02 0:00:00,,,
189,Burglary,2018-03-02 0:00:00,,,
190,Burglary,2018-03-02 0:00:00,,,
191,Burglary,2018-03-02 0:00:00,300 BLOCK OF E 81ST ST,40.7744366,-73.9538688
192,Burglary,2018-03-02 0:00:00,300 BLOCK OF W 109TH ST,40.8036699,-73.9677081
193,Burglary,2018-03-02 0:00:00,72-98 71ST PL,40.7020733,-73.8793721
194,Burglary,2018-03-02 0:00:00,1400 BLOCK OF BRONX RIVER AVE,40.8337044,-73.8794473
195,Burglary,2018-03-02 0:00:00,,,
196,Burglary,2018-03-02 0:00:00,2614-2634 W 36TH ST,41.5573264,-90.6140327
197,Burglary,2018-03-02 0:00:00,400 BLOCK OF E 28TH ST,39.3223769,-76.6109779
198,Burglary,2018-03-16 0:00:00,00 BLOCK OF DOSCHER ST,40.6752716,-73.8726607
199,Burglary,2018-03-16 0:00:00,1004-1012 3RD AVE,40.7620697,-73.9662019
200,Burglary,2018-03-16 0:00:00,9600 BLOCK OF AVENUE B,29.4457322,-98.4767889
201,Burglary,2018-03-16 0:00:00,1431-1449 FULTON AVE,40.6802009,-73.9439911
202,Burglary,2018-03-16 0:00:00,600 BLOCK OF W 137TH ST,40.8214454,-73.9542507
203,Burglary,2018-03-16 0:00:00,27-0 150TH ST,40.7798687,-73.8143954
204,Burglary,2018-03-16 0:00:00,113-0 86TH AVE,40.695782,-73.8502275
205,Burglary,2018-03-16 0:00:00,279-299 DR MARTIN LUTHER KING JR BLVD,32.7695151,-96.7658663
206,Burglary,2018-03-16 0:00:00,2100 BLOCK OF NEW YORK AVE,38.9176914,-76.9742973
207,Burglary,2018-03-16 0:00:00,2100 BLOCK OF FREDERICK DOUGLASS BLVD,40.8028497,-73.9562491
208,Burglary,2018-03-16 0:00:00,400 BLOCK OF E 173RD ST,40.8429975,-73.9035236
209,Burglary,2018-03-16 0:00:00,175-30 50TH AVE,40.744319,-73.79332
210,Burglary,2018-03-16 0:00:00,600 BLOCK OF E 96TH ST,40.6536314,-73.9135359
211,Burglary,2018-03-16 0:00:00,1004-1012 3RD AVE,40.7620697,-73.9662019
212,Burglary,2018-03-16 0:00:00,,,
213,Burglary,2018-03-16 0:00:00,200 BLOCK OF TOMPKINS AVE,40.6922296,-73.9458631
214,Burglary,2018-03-16 0:00:00,6419-6499 15TH AVE,47.675503,-122.3766798
215,Burglary,2018-03-16 0:00:00,700 BLOCK OF OCEAN AVE,40.6457081,-73.960684
216,Burglary,2018-03-16 0:00:00,,,
217,Burglary,2018-03-16 0:00:00,500 BLOCK OF ST NICHOLAS AVE,40.8169115,-73.9481136
218,Burglary,2018-03-16 0:00:00,,,
219,Burglary,2018-03-16 0:00:00,3500 BLOCK OF US-1,26.170142,-80.1186123
220,Burglary,2018-03-16 0:00:00,300 BLOCK OF POWELL ST,49.282881,-123.0974085
221,Burglary,2018-03-16 0:00:00,100 BLOCK OF COURT ST,44.9204868,-123.3167096
222,Burglary,2018-03-16 0:00:00,7400 BLOCK OF 3RD AVE,40.7996084,-74.0110768
223,Burglary,2018-03-16 0:00:00,10100 BLOCK OF AVENUE J,40.6287758,-73.9181932
224,Burglary,2018-03-15 0:00:00,200 BLOCK OF W 231ST ST,40.8789273,-73.9050979
225,Burglary,2018-03-15 0:00:00,1600 BLOCK OF ANTHONY AVE,40.8426896,-73.9049918
226,Burglary,2018-03-15 0:00:00,72-0 181ST ST,,
227,Burglary,2018-03-15 0:00:00,,,
228,Burglary,2018-03-15 0:00:00,00 BLOCK OF E 2ND ST,33.7616566,-118.1379421
229,Burglary,2018-03-15 0:00:00,91-11 191ST ST,40.7123426,-73.7683666
230,Burglary,2018-03-15 0:00:00,600 BLOCK OF WESTCHESTER AVE,40.8156943,-73.9109517
231,Burglary,2018-03-15 0:00:00,400 BLOCK OF 8TH AVE,40.7494116,-73.9950831
232,Burglary,2018-03-15 0:00:00,1100 BLOCK OF MORRIS AVE,40.7036027,-74.2926111
233,Burglary,2018-03-15 0:00:00,3368-3398 WHITE PLAINS RD,40.874862,-73.8666779
234,Burglary,2018-03-15 0:00:00,400 BLOCK OF W 14TH ST,40.740794,-74.005769
235,Burglary,2018-03-15 0:00:00,2100 BLOCK OF ALBEMARLE RD,35.2003269,-80.7737413
236,Burglary,2018-03-15 0:00:00,500 BLOCK OF MARCY AVE,40.698121,-73.950159
237,Burglary,2018-03-15 0:00:00,132-60 FARMERS BLVD,40.6778141,-73.7629934
238,Burglary,2018-03-15 0:00:00,2900 BLOCK OF WATERBURY AVE,40.8373073,-73.8308441
239,Burglary,2018-03-15 0:00:00,,,
240,Burglary,2018-03-15 0:00:00,8600 BLOCK OF 144TH ST,41.4314178,-81.5806709
241,Burglary,2018-03-15 0:00:00,,,
242,Burglary,2018-03-15 0:00:00,200 BLOCK OF NEW LOTS AVE,40.6593679,-73.8981445
243,Burglary,2018-03-14 0:00:00,,,
244,Burglary,2018-03-14 0:00:00,,,
245,Burglary,2018-03-14 0:00:00,132-8 POPLE AVE,40.7530398,-73.8322137
246,Burglary,2018-03-14 0:00:00,253-1-253-11 BRATTLE AVE,40.767942,-73.7298689
247,Burglary,2018-03-14 0:00:00,100 BLOCK OF AVENUE A,40.7257027,-73.9836046
248,Burglary,2018-03-14 0:00:00,200 BLOCK OF MANHATTAN AVE,40.80022,-73.959836
249,Burglary,2018-03-14 0:00:00,426-454 REMSEN AVE,40.6554522,-73.92295
250,Burglary,2018-03-14 0:00:00,3100 BLOCK OF FAIRMOUNT AVE,39.3562668,-74.4508911
251,Burglary,2018-03-14 0:00:00,,,
252,Burglary,2018-03-14 0:00:00,59-86 60TH LN,40.716788,-73.90401
253,Burglary,2018-03-14 0:00:00,00 BLOCK OF NEVINS ST,40.6830195,-73.9847286
254,Burglary,2018-03-14 0:00:00,2100 BLOCK OF FLATBUSH AVE,40.6185179,-73.9328363
255,Burglary,2018-03-14 0:00:00,670-672 ST ANN'S AVE,40.8172718,-73.9111013
256,Burglary,2018-03-14 0:00:00,300 BLOCK OF REVERE AVE,,
257,Burglary,2018-03-14 0:00:00,1376-1398 CROMWELL AVE,40.8402341,-73.9195405
258,Burglary,2018-03-14 0:00:00,100 BLOCK OF E 119TH ST,40.8012983,-73.9419569
259,Burglary,2018-03-14 0:00:00,170-99 LIBERTY AVE,40.7039024,-73.7876516
260,Burglary,2018-03-14 0:00:00,79-1 62ND AVE,45.5235213,-122.5998472
261,Burglary,2018-03-14 0:00:00,400 BLOCK OF EVERGREEN AVE,,
262,Burglary,2018-03-14 0:00:00,00 BLOCK OF FDR DRIVE SERVICE RD E,40.735314,-73.973921
263,Burglary,2018-03-14 0:00:00,300 BLOCK OF HARMAN ST,40.69981,-73.918499
264,Burglary,2018-03-14 0:00:00,246-25 136TH AVE,40.6690786,-73.72925
265,Burglary,2018-03-14 0:00:00,,,
266,Burglary,2018-03-14 0:00:00,6200 BLOCK OF U.S. 9,,
267,Burglary,2018-03-14 0:00:00,,,
268,Burglary,2018-03-14 0:00:00,43-99 216TH ST,40.709051,-73.741396
269,Burglary,2018-03-14 0:00:00,00 BLOCK OF E 20TH ST,,
270,Burglary,2018-03-14 0:00:00,2400-2414 2ND AVE,,
271,Burglary,2018-03-14 0:00:00,100 BLOCK OF W 167TH ST,41.5861695,-87.6804295
272,Burglary,2018-03-14 0:00:00,E 199TH ST,40.8702388,-73.8871656
273,Burglary,2018-03-14 0:00:00,6500 BLOCK OF 7TH AVE,,
274,Burglary,2018-03-14 0:00:00,56-66 ST PAULS PL,40.652458,-73.9634282
275,Burglary,2018-03-13 0:00:00,100 BLOCK OF NASSAU AVE,40.7239228,-73.9497059
276,Burglary,2018-03-13 0:00:00,1200 BLOCK OF ST NICHOLAS AVE,40.8423982,-73.9387362
277,Burglary,2018-03-13 0:00:00,1491-1499 MACOMBS RD,40.843242,-73.9182086
278,Burglary,2018-03-13 0:00:00,1500 BLOCK OF AMSTERDAM AVE,40.8184114,-73.9528389
279,Burglary,2018-03-13 0:00:00,100 BLOCK OF W 130TH ST,40.8109459,-73.9436632
280,Burglary,2018-03-13 0:00:00,,,
281,Burglary,2018-03-13 0:00:00,500 BLOCK OF E 76TH ST,40.7692299,-73.9515885
282,Burglary,2018-03-13 0:00:00,68-70 9TH AVE,40.7416215,-74.0048605
283,Burglary,2018-03-13 0:00:00,,,
284,Burglary,2018-03-13 0:00:00,800 BLOCK OF LAFAYETTE AVE,40.8095473,-75.5965956
285,Burglary,2018-03-13 0:00:00,25-56 71ST ST,40.760226,-73.896919
286,Burglary,2018-03-13 0:00:00,800 BLOCK OF PUTNAM AVE,40.686369,-73.9297031
287,Burglary,2018-03-13 0:00:00,142-99 185TH ST,47.7632365,-122.3583267
288,Burglary,2018-03-13 0:00:00,,,
289,Burglary,2018-03-13 0:00:00,306-310 LEONARD ST,40.7146082,-73.9476279
290,Burglary,2018-03-13 0:00:00,5400 BLOCK OF KINGS HWY,33.7275721,-78.8413168
291,Burglary,2018-03-13 0:00:00,2000 BLOCK OF 5TH AVE,41.8678583,-87.838667
292,Burglary,2018-03-13 0:00:00,,,
293,Burglary,2018-03-13 0:00:00,249-0 RUSHMORE TERRACE,40.7702735,-73.7399622
294,Burglary,2018-03-13 0:00:00,,,
295,Burglary,2018-03-13 0:00:00,,,
296,Burglary,2018-03-13 0:00:00,,,
297,Burglary,2018-03-13 0:00:00,,,
298,Burglary,2018-03-13 0:00:00,100 BLOCK OF NORTHFIELD AVE,40.7753783,-74.2442061
299,Burglary,2018-03-13 0:00:00,100 BLOCK OF MARTENSE ST,40.6513874,-73.955595
300,Burglary,2018-03-13 0:00:00,300 BLOCK OF PINE ST,39.9431463,-75.1474783
301,Burglary,2018-03-13 0:00:00,1206-1222 BEDFORD AVE,32.4286692,-84.9209453
302,Burglary,2018-03-13 0:00:00,245-0 NY-27,43.0550212,-78.4751945
303,Burglary,2018-03-13 0:00:00,188-1 KEESEVILLE AVE,40.6988833,-73.7663073
304,Burglary,2018-03-13 0:00:00,,,
305,Burglary,2018-03-13 0:00:00,,,
306,Burglary,2018-03-13 0:00:00,300 BLOCK OF E 29TH ST,32.1995817,-110.9653172
307,Burglary,2018-03-13 0:00:00,557-565 UNION AVE,,
308,Burglary,2018-03-13 0:00:00,360-366 METROPOLITAN AVE,40.7140777,-73.9559832
309,Burglary,2018-03-13 0:00:00,246-1-246-23 N CONDUIT AVE,40.6664702,-73.7313337
310,Burglary,2018-03-12 0:00:00,200 BLOCK OF E 78TH ST,40.7732833,-73.957624
311,Burglary,2018-03-12 0:00:00,870A PARK AVE,40.7747865,-73.9614547
312,Burglary,2018-03-12 0:00:00,00 BLOCK OF BRADDOCK AVE,40.4292668,-79.8919696
313,Burglary,2018-03-12 0:00:00,2600 BLOCK OF FREDERICK DOUGLASS BLVD,40.8187307,-73.9446249
314,Burglary,2018-03-12 0:00:00,796-838 UNION AVE,40.0528311,-105.2880809
315,Burglary,2018-03-12 0:00:00,100 BLOCK OF W 130TH ST,40.8109459,-73.9436632
316,Burglary,2018-03-12 0:00:00,200 BLOCK OF W 122ND ST,40.80712,-73.950191
317,Burglary,2018-03-12 0:00:00,,,
318,Burglary,2018-03-12 0:00:00,,,
319,Burglary,2018-03-12 0:00:00,,,
320,Burglary,2018-03-12 0:00:00,21-30 SHORE BLVD,40.7835712,-73.9183275
321,Burglary,2018-03-12 0:00:00,,,
322,Burglary,2018-03-12 0:00:00,200 BLOCK OF E 78TH ST,40.7732833,-73.957624
323,Burglary,2018-03-12 0:00:00,200 BLOCK OF E 89TH ST,40.7804832,-73.9524453
324,Burglary,2018-03-12 0:00:00,,,
325,Burglary,2018-03-12 0:00:00,200 BLOCK OF HUDSON ST,40.7387004,-74.029683
326,Burglary,2018-03-12 0:00:00,70-2 PARSONS BLVD,40.7317633,-73.8111658
327,Burglary,2018-03-12 0:00:00,100 BLOCK OF LEONARD ST,40.7567663,-74.0475441
328,Burglary,2018-03-12 0:00:00,196-1 100TH AVE,40.7099274,-73.7628664
329,Burglary,2018-03-12 0:00:00,1587-1589 E NEW YORK AVE,40.6729465,-73.9093072
330,Burglary,2018-03-12 0:00:00,3500 BLOCK OF CANAL AVE,29.9706285,-90.0956409
331,Burglary,2018-03-12 0:00:00,200 BLOCK OF E 182ND ST,40.8559898,-73.9005954
332,Burglary,2018-03-12 0:00:00,122-1-122-3 LIBERTY AVE,40.6784623,-73.8677495
333,Burglary,2018-03-12 0:00:00,600 BLOCK OF WILSON AVE,40.6899514,-73.9070563
334,Burglary,2018-03-12 0:00:00,,,
335,Burglary,2018-03-12 0:00:00,720-798 W 180TH ST,40.8497685,-73.9380487
336,Burglary,2018-03-12 0:00:00,,,
337,Burglary,2018-03-12 0:00:00,300 BLOCK OF E 148TH ST,40.8163829,-73.9218484
338,Burglary,2018-03-12 0:00:00,W 229TH ST,33.8198545,-118.3385087
339,Burglary,2018-03-12 0:00:00,,,
340,Burglary,2018-03-12 0:00:00,00 BLOCK OF HOMER ST,41.9166699,-87.6873203
341,Burglary,2018-03-12 0:00:00,300 BLOCK OF W 14TH ST,40.7397342,-74.0029971
342,Burglary,2018-03-12 0:00:00,,,
343,Burglary,2018-03-12 0:00:00,131-80 39TH AVE,29.6892436,-82.4806489
344,Burglary,2018-03-12 0:00:00,00 BLOCK OF ST MARKS PL,40.7285977,-73.9876718
345,Burglary,2018-03-12 0:00:00,400 BLOCK OF KOSCIUSZKO ST,40.6919612,-73.9382501
346,Burglary,2018-03-11 0:00:00,900 BLOCK OF LA 65 DE INFANTERÃ­A,,
347,Burglary,2018-03-11 0:00:00,100 BLOCK OF BEACH 59TH ST,40.5897779,-73.7882997
348,Burglary,2018-03-11 0:00:00,96-20 ROOSEVELT AVE,40.7490999,-73.8686906
349,Burglary,2018-03-11 0:00:00,,,
350,Burglary,2018-03-11 0:00:00,,,
351,Burglary,2018-03-11 0:00:00,00 BLOCK OF S 10TH ST,39.9496168,-75.1569593
352,Burglary,2018-03-11 0:00:00,118-1 91ST AVE,40.6958354,-73.8298108
353,Burglary,2018-03-11 0:00:00,,,
354,Burglary,2018-03-11 0:00:00,,,
355,Burglary,2018-03-11 0:00:00,00 BLOCK OF GREAT JONES ST,40.7270563,-73.9931714
356,Burglary,2018-03-11 0:00:00,5700-5722 80TH ST,33.5217622,-101.9357495
357,Burglary,2018-03-11 0:00:00,,,
358,Burglary,2018-03-11 0:00:00,00 BLOCK OF 7TH AVE,,
359,Burglary,2018-03-11 0:00:00,00 BLOCK OF 7TH AVE,,
360,Burglary,2018-03-11 0:00:00,9000 BLOCK OF 193RD ST,47.7686781,-122.2176702
361,Burglary,2018-03-11 0:00:00,200 BLOCK OF ALBANY AVE,40.6736061,-73.9392322
362,Burglary,2018-03-11 0:00:00,,,
363,Burglary,2018-03-11 0:00:00,800 BLOCK OF MYRTLE AVE,34.1435873,-118.0005618
364,Burglary,2018-03-11 0:00:00,,,
365,Burglary,2018-03-11 0:00:00,,,
366,Burglary,2018-03-11 0:00:00,19-99 128TH ST,47.8820656,-122.2337111
367,Burglary,2018-03-11 0:00:00,,,
368,Burglary,2018-03-11 0:00:00,,,
369,Burglary,2018-03-11 0:00:00,1000 BLOCK OF TINTON AVE,40.824119,-73.902211
370,Burglary,2018-03-11 0:00:00,600 BLOCK OF ROSEDALE AVE,38.6551683,-90.2959178
371,Burglary,2018-03-11 0:00:00,96-20 ROOSEVELT AVE,40.7490999,-73.8686906
372,Burglary,2018-03-11 0:00:00,,,
373,Burglary,2018-03-11 0:00:00,800 BLOCK OF HICKS ST,39.9411049,-75.168402
374,Burglary,2018-03-11 0:00:00,300 BLOCK OF FRANKLIN AVE,,
375,Burglary,2018-03-11 0:00:00,69-89 MARBLE HILL AVE,40.8763117,-73.9094541
376,Burglary,2018-03-11 0:00:00,1158A BROADWAY,40.7445795,-73.9887101
377,Burglary,2018-03-11 0:00:00,1810A W 13TH ST,40.1027183,-85.7017648
378,Burglary,2018-03-10 0:00:00,1800 BLOCK OF LURTING AVE,40.8491998,-73.853865
379,Burglary,2018-03-10 0:00:00,39-18 63RD ST,40.7462057,-73.9011594
380,Burglary,2018-03-10 0:00:00,,,
381,Burglary,2018-03-10 0:00:00,600 BLOCK OF W 207TH ST,40.8671709,-73.9212398
382,Burglary,2018-03-10 0:00:00,1300 BLOCK OF OGDEN AVE,41.8086347,-88.0172758
383,Burglary,2018-03-10 0:00:00,1800 BLOCK OF LURTING AVE,40.8491998,-73.853865
384,Burglary,2018-03-10 0:00:00,00 BLOCK OF PINEHURST AVE,44.9188832,-93.1808763
385,Burglary,2018-03-10 0:00:00,,,
386,Burglary,2018-03-10 0:00:00,55-04 138TH ST,40.749563,-73.827023
387,Burglary,2018-03-10 0:00:00,21-99 119TH ST,38.9126763,-94.6110771
388,Burglary,2018-03-10 0:00:00,00 BLOCK OF HORACE HARDING EXPY,40.7453741,-73.7724821
389,Burglary,2018-03-10 0:00:00,,,
390,Burglary,2018-03-10 0:00:00,600 BLOCK OF CRESCENT AVE,34.8314954,-82.3918493
391,Burglary,2018-03-10 0:00:00,,,
392,Burglary,2018-03-10 0:00:00,,,
393,Burglary,2018-03-10 0:00:00,,,
394,Burglary,2018-03-10 0:00:00,,,
395,Burglary,2018-03-10 0:00:00,100 BLOCK OF E 115TH ST,40.7985635,-73.943597
396,Burglary,2018-03-10 0:00:00,,,
397,Burglary,2018-03-10 0:00:00,STANTON ST,40.7209979,-73.9869493
398,Burglary,2018-03-10 0:00:00,39-18 63RD ST,40.7462057,-73.9011594
399,Burglary,2018-03-10 0:00:00,69-89 MARBLE HILL AVE,40.8763117,-73.9094541
400,Burglary,2018-03-10 0:00:00,1500 BLOCK OF LELAND AVE,40.8378042,-73.8645159
401,Burglary,2018-03-10 0:00:00,800 BLOCK OF E TREMONT AVE,40.8436489,-73.8878116
402,Burglary,2018-03-10 0:00:00,300 BLOCK OF E MOSHOLU PKWY N,40.8713001,-73.880234
403,Burglary,2018-03-09 0:00:00,,,
404,Burglary,2018-03-09 0:00:00,HUTCHINSON RIVER PKWY,40.9300442,-73.8027177
405,Burglary,2018-03-09 0:00:00,200 BLOCK OF SKILLMAN ST,32.867085,-96.7401658
406,Burglary,2018-03-09 0:00:00,,,
407,Burglary,2018-03-09 0:00:00,,,
408,Burglary,2018-03-09 0:00:00,98-01 ROOSEVELT AVE,40.7495081,-73.8674138
409,Burglary,2018-03-09 0:00:00,,,
410,Burglary,2018-03-09 0:00:00,113-0 143RD ST,,
411,Burglary,2018-03-09 0:00:00,,,
412,Burglary,2018-03-09 0:00:00,2000-2014 BROWN ST,,
413,Burglary,2018-03-09 0:00:00,3100 BLOCK OF ARNOW PL,40.8499616,-73.8300059
414,Burglary,2018-03-09 0:00:00,,,
415,Burglary,2018-03-09 0:00:00,,,
416,Burglary,2018-03-09 0:00:00,235-299 W 193RD ST,,
417,Burglary,2018-03-09 0:00:00,100-110 W FORDHAM RD,40.862717,-73.905402
418,Burglary,2018-03-09 0:00:00,450-498 W 135TH ST,40.8184009,-73.9508602
419,Burglary,2018-03-09 0:00:00,206-01 104TH AVE,40.710565,-73.752337
420,Burglary,2018-03-22 0:00:00,,,
421,Burglary,2018-03-22 0:00:00,,,
422,Burglary,2018-03-22 0:00:00,,,
423,Burglary,2018-03-22 0:00:00,200 BLOCK OF SWINTON AVE,26.4577382,-80.0732455
424,Burglary,2018-03-22 0:00:00,700 BLOCK OF TROY AVE,,
425,Burglary,2018-03-22 0:00:00,,,
426,Burglary,2018-03-22 0:00:00,300 BLOCK OF ST MARKS AVE,40.6779075,-73.9659662
427,Burglary,2018-03-22 0:00:00,400 BLOCK OF MARCUS GARVEY BLVD,40.6832781,-73.938102
428,Burglary,2018-03-22 0:00:00,160-0 99TH ST,40.6569863,-73.8335387
429,Burglary,2018-03-22 0:00:00,400 BLOCK OF E 173RD ST,40.8429975,-73.9035236
430,Burglary,2018-03-22 0:00:00,597-599 W 249TH ST,40.896579,-73.9098662
431,Burglary,2018-03-22 0:00:00,,,
432,Burglary,2018-03-22 0:00:00,,,
433,Burglary,2018-03-22 0:00:00,50-0 108TH ST,,
434,Burglary,2018-03-22 0:00:00,4551A THIRD AVE,40.8546581,-73.8906124
435,Burglary,2018-03-22 0:00:00,1500 BLOCK OF OHM AVE,40.8441944,-73.8213194
436,Burglary,2018-03-22 0:00:00,299-301 MALCOLM X BLVD,40.681821,-73.928546
437,Burglary,2018-03-22 0:00:00,,,
438,Burglary,2018-03-22 0:00:00,800 BLOCK OF E 179TH ST,40.8449585,-73.8865688
439,Burglary,2018-03-22 0:00:00,,,
440,Burglary,2018-03-22 0:00:00,,,
441,Burglary,2018-03-22 0:00:00,,,
442,Burglary,2018-03-21 0:00:00,,,
443,Burglary,2018-03-21 0:00:00,900 BLOCK OF ALDUS ST,40.8230912,-73.8917444
444,Burglary,2018-03-21 0:00:00,,,
445,Burglary,2018-03-21 0:00:00,,,
446,Burglary,2018-03-21 0:00:00,300 BLOCK OF BEDFORD PARK BLVD,40.8701992,-73.8855296
447,Burglary,2018-03-21 0:00:00,100 BLOCK OF W TREMONT AVE,40.8500955,-73.9129492
448,Burglary,2018-03-21 0:00:00,900 BLOCK OF E 167TH ST,40.8258522,-73.8953118
449,Burglary,2018-03-21 0:00:00,,,
450,Burglary,2018-03-21 0:00:00,,,
451,Burglary,2018-03-21 0:00:00,1300 BLOCK OF HERSCHELL ST,40.836104,-73.842352
452,Burglary,2018-03-21 0:00:00,4100-4102 CHURCH AVE,40.6512396,-73.9385303
453,Burglary,2018-03-21 0:00:00,1816-1818 ANTHONY AVE,40.8466132,-73.903812
454,Burglary,2018-03-21 0:00:00,1000 BLOCK OF HERKIMER ST,40.6778697,-73.920408
455,Burglary,2018-03-21 0:00:00,,,
456,Burglary,2018-03-21 0:00:00,201-98 93RD AVE,40.7066191,-73.7842742
457,Burglary,2018-03-21 0:00:00,,,
458,Burglary,2018-03-21 0:00:00,108-98 112TH ST,40.6805528,-73.8283679
459,Burglary,2018-03-21 0:00:00,700 BLOCK OF E 145TH ST,44.7397322,-93.2651796
460,Burglary,2018-03-21 0:00:00,29-59 UNION ST,40.7706421,-73.8262734
461,Burglary,2018-03-21 0:00:00,200 BLOCK OF SKILLMAN AVE,40.7376313,-74.0636356
462,Burglary,2018-03-21 0:00:00,66-39 FRESH POND RD,40.7079538,-73.8973789
463,Burglary,2018-03-20 0:00:00,,,
464,Burglary,2018-03-20 0:00:00,,,
465,Burglary,2018-03-20 0:00:00,79-97 NOSTRAND AVE,40.6972047,-73.9529308
466,Burglary,2018-03-20 0:00:00,1600 BLOCK OF W 8TH ST,46.98069,-123.835201
467,Burglary,2018-03-20 0:00:00,600 BLOCK OF W 135TH ST,38.8836878,-94.8068917
468,Burglary,2018-03-20 0:00:00,,,
469,Burglary,2018-03-20 0:00:00,00 BLOCK OF E 196TH ST,40.853821,-73.8308455
470,Burglary,2018-03-20 0:00:00,900 BLOCK OF E NEW YORK AVE,40.662454,-73.9328707
471,Burglary,2018-03-20 0:00:00,3000 BLOCK OF 75TH ST,33.9716408,-118.3253965
472,Burglary,2018-03-20 0:00:00,,,
473,Burglary,2018-03-20 0:00:00,,,
474,Burglary,2018-03-20 0:00:00,,,
475,Burglary,2018-03-20 0:00:00,300 BLOCK OF ROGERS AVE,35.3882388,-94.4288097
476,Burglary,2018-03-20 0:00:00,00 BLOCK OF MARBLE HILL AVE,40.8765868,-73.9094744
477,Burglary,2018-03-20 0:00:00,300 BLOCK OF NOSTRAND AVE,40.6894169,-73.9514984
478,Burglary,2018-03-20 0:00:00,,,
479,Burglary,2018-03-20 0:00:00,136-144 ATTORNEY ST,40.7196072,-73.9838257
480,Burglary,2018-03-20 0:00:00,100 BLOCK OF S 9TH ST,,
481,Burglary,2018-03-20 0:00:00,,,
482,Burglary,2018-03-20 0:00:00,400 BLOCK OF BERGEN ST,40.7305509,-74.1959453
483,Burglary,2018-03-20 0:00:00,,,
484,Burglary,2018-03-20 0:00:00,100 BLOCK OF E 99TH ST,38.9489631,-94.590114
485,Burglary,2018-03-20 0:00:00,,,
486,Burglary,2018-03-20 0:00:00,,,
487,Burglary,2018-03-20 0:00:00,2141-2157 REEDS MILL LN,40.8817645,-73.8328317
488,Burglary,2018-03-20 0:00:00,,,
489,Burglary,2018-03-20 0:00:00,,,
490,Burglary,2018-03-19 0:00:00,700 BLOCK OF PARK PL,40.6735848,-73.9546637
491,Burglary,2018-03-19 0:00:00,00 BLOCK OF JAY ST,,
492,Burglary,2018-03-19 0:00:00,821-825 AMSTERDAM AVE,33.7873451,-84.3603457
493,Burglary,2018-03-19 0:00:00,1388-1424 DECATUR ST,36.8124747,-76.2753164
494,Burglary,2018-03-19 0:00:00,,,
495,Burglary,2018-03-19 0:00:00,,,
496,Burglary,2018-03-19 0:00:00,286-298 W 46TH ST,40.7595491,-73.9874438
497,Burglary,2018-03-19 0:00:00,,,
498,Burglary,2018-03-19 0:00:00,,,
499,Burglary,2018-03-19 0:00:00,24-19 163RD ST,25.9242036,-80.1994762
500,Burglary,2018-03-19 0:00:00,41-0 97TH PL,40.7399775,-73.8642205
501,Burglary,2018-03-19 0:00:00,140-99 56TH AVE,40.7600172,-73.9694231
502,Burglary,2018-03-19 0:00:00,68-70 9TH AVE,40.7416215,-74.0048605
503,Burglary,2018-03-19 0:00:00,400 BLOCK OF W 259TH ST,40.9068619,-73.9012563
504,Burglary,2018-03-19 0:00:00,00 BLOCK OF THAYER ST,41.8268796,-71.4005135
505,Burglary,2018-03-19 0:00:00,8604-8662 BRITTON AVE,40.7465514,-73.8795627
506,Burglary,2018-03-19 0:00:00,00 BLOCK OF JAY ST,,
507,Burglary,2018-03-19 0:00:00,500 BLOCK OF ATLANTIC AVE,42.3538536,-71.0520022
508,Burglary,2018-03-19 0:00:00,00 BLOCK OF ROCKAWAY PKWY,40.6480007,-73.9055262
509,Burglary,2018-03-19 0:00:00,300 BLOCK OF ROGERS AVE,35.3882388,-94.4288097
510,Burglary,2018-03-19 0:00:00,300 BLOCK OF 13TH ST,,
511,Burglary,2018-03-19 0:00:00,1121-1149 E 225TH ST,40.8845581,-73.8486057
512,Burglary,2018-03-19 0:00:00,100 BLOCK OF NICHOLS AVE,30.5177631,-87.9122768
513,Burglary,2018-03-19 0:00:00,,,
514,Burglary,2018-03-19 0:00:00,,,
515,Burglary,2018-03-19 0:00:00,184-0 HORACE HARDING EXPY,40.7453741,-73.7724821
516,Burglary,2018-03-19 0:00:00,116-20 84TH AVE,40.703105,-73.835598
517,Burglary,2018-03-19 0:00:00,800 BLOCK OF DEKALB AVE,40.6921035,-73.944185
518,Burglary,2018-03-19 0:00:00,121-2 LIBERTY AVE,40.6867696,-73.822227
519,Burglary,2018-03-19 0:00:00,32-0 96TH ST,,
520,Burglary,2018-03-19 0:00:00,300 BLOCK OF E 85TH ST,40.776824,-73.9519402
521,Burglary,2018-03-19 0:00:00,,,
522,Burglary,2018-03-19 0:00:00,,,
523,Burglary,2018-03-19 0:00:00,51-59 THAYER ST,41.8221478,-71.3998032
524,Burglary,2018-03-19 0:00:00,86-25 LIBERTY AVE,40.6799962,-73.8512855
525,Burglary,2018-03-19 0:00:00,,,
526,Burglary,2018-03-19 0:00:00,,,
527,Burglary,2018-03-19 0:00:00,500 BLOCK OF BUSHWICK AVE,40.7009107,-73.9368316
528,Burglary,2018-03-18 0:00:00,,,
529,Burglary,2018-03-18 0:00:00,3220-3250 WESTCHESTER AVE,40.8518472,-73.8287882
530,Burglary,2018-03-18 0:00:00,2200 BLOCK OF LINDEN BLVD,40.661914,-73.8817392
531,Burglary,2018-03-18 0:00:00,200 BLOCK OF KINGSTON AVE,38.1727789,-85.764702
532,Burglary,2018-03-18 0:00:00,1400-1402 NEPTUNE AVE,40.5791744,-73.9819402
533,Burglary,2018-03-18 0:00:00,1401-1421 BROOKLYN AVE,40.6389701,-73.9425053
534,Burglary,2018-03-18 0:00:00,41-0 170TH ST,,
535,Burglary,2018-03-18 0:00:00,,,
536,Burglary,2018-03-18 0:00:00,501-505 ROCKAWAY PKWY,40.6562389,-73.9146186
537,Burglary,2018-03-18 0:00:00,103-2-103-8 ROOSEVELT AVE,40.749389,-73.862535
538,Burglary,2018-03-18 0:00:00,,,
539,Burglary,2018-03-18 0:00:00,,,
540,Burglary,2018-03-18 0:00:00,200 BLOCK OF WALWORTH ST,40.6925774,-73.9541293
541,Burglary,2018-03-18 0:00:00,1400-1402 NEPTUNE AVE,40.5791744,-73.9819402
542,Burglary,2018-03-18 0:00:00,26-49 98TH ST,40.760938,-73.870793
543,Burglary,2018-03-18 0:00:00,6200 BLOCK OF U.S. 9,,
544,Burglary,2018-03-18 0:00:00,,,
545,Burglary,2018-03-18 0:00:00,,,
546,Burglary,2018-03-18 0:00:00,00 BLOCK OF BEDFORD ST,42.3530752,-71.0582924
547,Burglary,2018-03-18 0:00:00,,,
548,Burglary,2018-03-17 0:00:00,200 BLOCK OF MCCLELLAN ST,39.9250948,-75.1498144
549,Burglary,2018-03-17 0:00:00,,,
550,Burglary,2018-03-17 0:00:00,400 BLOCK OF ONDERDONK AVE,40.7076487,-73.9134341
551,Burglary,2018-03-17 0:00:00,1500 BLOCK OF EDWARD L GRANT HWY,40.8428571,-73.9223663
552,Burglary,2018-03-17 0:00:00,1600 BLOCK OF TAYLOR AVE,,
553,Burglary,2018-03-17 0:00:00,700 BLOCK OF MADISON ST,,
554,Burglary,2018-03-17 0:00:00,33-19 BROADWAY,40.760548,-73.923956
555,Burglary,2018-03-17 0:00:00,600 BLOCK OF 6TH AVE,27.9113939,-82.780743
556,Burglary,2018-03-17 0:00:00,1300 BLOCK OF 65TH ST,37.847357,-122.2903234
557,Burglary,2018-03-17 0:00:00,1100 BLOCK OF GRAND CONCOURSE,40.831991,-73.919124
558,Burglary,2018-03-17 0:00:00,200 BLOCK OF S 3RD ST,39.946998,-75.146563
559,Burglary,2018-03-17 0:00:00,,,
560,Burglary,2018-03-17 0:00:00,200 BLOCK OF RALPH AVE,40.6828889,-73.9228769
561,Burglary,2018-03-17 0:00:00,859-887 ASHFORD ST,,
562,Burglary,2018-03-17 0:00:00,200 BLOCK OF E 182ND ST,40.8559898,-73.9005954
563,Burglary,2018-03-17 0:00:00,00 BLOCK OF E 184TH ST,40.8570565,-73.8958595
564,Burglary,2018-03-17 0:00:00,6053-6059 FRESH POND RD,40.7156056,-73.9012702
565,Burglary,2018-03-17 0:00:00,182-190 W FORDHAM RD,40.8625842,-73.908769
566,Burglary,2018-03-17 0:00:00,,,
567,Burglary,2018-03-17 0:00:00,400 BLOCK OF ONDERDONK AVE,40.7076487,-73.9134341
568,Burglary,2018-03-17 0:00:00,400 BLOCK OF ONDERDONK AVE,40.7076487,-73.9134341
569,Burglary,2018-03-17 0:00:00,82B E 18TH ST,40.737322,-73.9889907
570,Burglary,2018-03-17 0:00:00,200 BLOCK OF MONTAUK AVE,41.3422052,-72.1050729
571,Burglary,2018-03-17 0:00:00,153-44-153-60 NY-27,43.0550212,-78.4751945
572,Burglary,2018-03-17 0:00:00,1600 BLOCK OF TAYLOR AVE,,
573,Burglary,2018-03-17 0:00:00,3268-3338 PARK AVE,,
574,Burglary,2018-03-17 0:00:00,,,
575,Burglary,2018-03-17 0:00:00,52-12 103RD ST,40.741484,-73.858212
576,Burglary,2018-03-30 0:00:00,3279-3285 THIRD AVE,40.8251654,-73.9085863
577,Burglary,2018-03-30 0:00:00,100 BLOCK OF PARKSIDE AVE,,
578,Burglary,2018-03-30 0:00:00,,,
579,Burglary,2018-03-30 0:00:00,,,
580,Burglary,2018-03-30 0:00:00,5700 BLOCK OF MOSHOLU AVE,40.905303,-73.9004269
581,Burglary,2018-03-30 0:00:00,,,
582,Burglary,2018-03-30 0:00:00,32-2 81ST ST,40.75744,-73.8868071
583,Burglary,2018-03-30 0:00:00,800 BLOCK OF BROADWAY,,
584,Burglary,2018-03-30 0:00:00,300 BLOCK OF 49TH ST,38.8934977,-76.9331006
585,Burglary,2018-03-30 0:00:00,,,
586,Burglary,2018-03-30 0:00:00,,,
587,Burglary,2018-03-30 0:00:00,00 BLOCK OF FLUSHING AVE,40.7020774,-73.9363198
588,Burglary,2018-03-30 0:00:00,100 BLOCK OF CORNELIA ST,40.689693,-73.915588
589,Burglary,2018-03-30 0:00:00,9900-9908 AVENUE L,40.639803,-73.8935728
590,Burglary,2018-03-30 0:00:00,1600 BLOCK OF WESTCHESTER AVE,40.8290353,-73.875356
591,Burglary,2018-03-30 0:00:00,00 BLOCK OF RALPH AVE,40.6257175,-73.9161512
592,Burglary,2018-03-30 0:00:00,42-75 MAIN ST,40.7533725,-73.8271225
593,Burglary,2018-03-30 0:00:00,,,
594,Burglary,2018-03-30 0:00:00,,,
595,Burglary,2018-03-30 0:00:00,,,
596,Burglary,2018-03-30 0:00:00,41-49 DR MARTIN LUTHER KING JR BLVD,,
597,Burglary,2018-03-30 0:00:00,1000 BLOCK OF VIRGINIA AVE,33.6588563,-84.4223465
598,Burglary,2018-03-30 0:00:00,,,
599,Burglary,2018-03-30 0:00:00,1500 BLOCK OF PROSPECT PL,40.672755,-73.9267254
600,Burglary,2018-03-30 0:00:00,100 BLOCK OF PARKSIDE AVE,,
601,Burglary,2018-03-30 0:00:00,734-738 OCEAN VIEW AVE,40.5799753,-73.9603495
602,Burglary,2018-03-30 0:00:00,500 BLOCK OF OVINGTON AVE,40.6325831,-74.021352
603,Burglary,2018-03-30 0:00:00,25-61 70TH ST,40.760193,-73.897284
604,Burglary,2018-03-30 0:00:00,100 BLOCK OF W 37TH ST,42.1028094,-80.069035
605,Burglary,2018-03-30 0:00:00,,,
606,Burglary,2018-03-29 0:00:00,800 BLOCK OF E 88TH ST,40.7761474,-73.9440571
607,Burglary,2018-03-29 0:00:00,500 BLOCK OF ST NICHOLAS AVE,40.8169115,-73.9481136
608,Burglary,2018-03-29 0:00:00,1142-1150 INTERVALE AVE,40.8271611,-73.8962561
609,Burglary,2018-03-29 0:00:00,800 BLOCK OF E 88TH ST,40.7761474,-73.9440571
610,Burglary,2018-03-29 0:00:00,,,
611,Burglary,2018-03-29 0:00:00,1500 BLOCK OF BROOK AVE,40.682418,-73.5485981
612,Burglary,2018-03-29 0:00:00,00 BLOCK OF 191ST ST STATION ENTRANCE TUNNEL & ELEVATOR,40.8564197,-73.932621
613,Burglary,2018-03-29 0:00:00,500 BLOCK OF JAMES E. DAVIS AVENUE,40.6742619,-73.9500908
614,Burglary,2018-03-29 0:00:00,,,
615,Burglary,2018-03-29 0:00:00,100 BLOCK OF HUDSON ST,40.719062,-74.0084831
616,Burglary,2018-03-29 0:00:00,,,
617,Burglary,2018-03-29 0:00:00,2905-2913 HYLAN BLVD,40.5624486,-74.1182381
618,Burglary,2018-03-29 0:00:00,,,
619,Burglary,2018-03-29 0:00:00,900 BLOCK OF FAILE ST,40.8198301,-73.8876867
620,Burglary,2018-03-29 0:00:00,600 BLOCK OF MYRTLE AVE,40.6939524,-73.9603549
621,Burglary,2018-03-29 0:00:00,,,
622,Burglary,2018-03-29 0:00:00,,,
623,Burglary,2018-03-29 0:00:00,,,
624,Burglary,2018-03-29 0:00:00,10226-10298 GLENWOOD RD,,
625,Burglary,2018-03-29 0:00:00,2600 BLOCK OF FARRAGUT RD,40.6358304,-73.9530876
626,Burglary,2018-03-29 0:00:00,,,
627,Burglary,2018-03-29 0:00:00,,,
628,Burglary,2018-03-29 0:00:00,,,
629,Burglary,2018-03-29 0:00:00,,,
630,Burglary,2018-03-29 0:00:00,9-73 CYPRESS AVE,,
631,Burglary,2018-03-29 0:00:00,1200 BLOCK OF HALSEY ST,40.691167,-73.909512
632,Burglary,2018-03-29 0:00:00,,,
633,Burglary,2018-03-29 0:00:00,,,
634,Burglary,2018-03-29 0:00:00,,,
635,Burglary,2018-03-29 0:00:00,00 BLOCK OF E 14TH ST,40.7319077,-73.9831775
636,Burglary,2018-03-29 0:00:00,193-30 SALERNO AVE,40.7194381,-73.7702736
637,Burglary,2018-03-29 0:00:00,,,
638,Burglary,2018-03-28 0:00:00,301-303 E 83RD ST,40.7762116,-73.9526519
639,Burglary,2018-03-28 0:00:00,300 BLOCK OF MALCOLM X BLVD,40.682566,-73.9292088
640,Burglary,2018-03-28 0:00:00,1400 BLOCK OF 1ST AVENUE,,
641,Burglary,2018-03-28 0:00:00,1200 BLOCK OF GRAND CONCOURSE,40.8345272,-73.917468
642,Burglary,2018-03-28 0:00:00,,,
643,Burglary,2018-03-28 0:00:00,200 BLOCK OF E 184TH ST,40.859262,-73.8986425
644,Burglary,2018-03-28 0:00:00,176-198 CHURCH ST,,
645,Burglary,2018-03-28 0:00:00,,,
646,Burglary,2018-03-28 0:00:00,246-0 83RD AVE,40.717688,-73.7935198
647,Burglary,2018-03-28 0:00:00,6-0 129TH ST,38.4343237,-75.0534616
648,Burglary,2018-03-28 0:00:00,,,
649,Burglary,2018-03-28 0:00:00,79-97 NOSTRAND AVE,40.6972047,-73.9529308
650,Burglary,2018-03-28 0:00:00,,,
651,Burglary,2018-03-28 0:00:00,,,
652,Burglary,2018-03-28 0:00:00,100 BLOCK OF LIBERTY AVE,40.680926,-73.839693
653,Burglary,2018-03-28 0:00:00,,,
654,Burglary,2018-03-28 0:00:00,4700 BLOCK OF THIRD AVE,,
655,Burglary,2018-03-28 0:00:00,100 BLOCK OF ST MARKS PL,40.727163,-73.9847491
656,Burglary,2018-03-28 0:00:00,214-1 23RD AVE,47.6040393,-122.3021018
657,Burglary,2018-03-28 0:00:00,,,
658,Burglary,2018-03-28 0:00:00,500 BLOCK OF W 158TH ST,40.8335995,-73.9418506
659,Burglary,2018-03-28 0:00:00,,,
660,Burglary,2018-03-28 0:00:00,400 BLOCK OF W 37TH ST,40.7553651,-73.9954486
661,Burglary,2018-03-28 0:00:00,00 BLOCK OF 31ST ST,39.986721,-75.184136
662,Burglary,2018-03-28 0:00:00,500 BLOCK OF 6TH AVE,40.7363143,-73.9971207
663,Burglary,2018-03-28 0:00:00,,,
664,Burglary,2018-03-28 0:00:00,,,
665,Burglary,2018-03-28 0:00:00,,,
666,Burglary,2018-03-28 0:00:00,,,
667,Burglary,2018-03-28 0:00:00,00 BLOCK OF FRONT ST,,
668,Burglary,2018-03-27 0:00:00,37-14 36TH ST,40.75242,-73.927983
669,Burglary,2018-03-27 0:00:00,,,
670,Burglary,2018-03-27 0:00:00,94-52 214TH PL,40.7169651,-73.7431321
671,Burglary,2018-03-27 0:00:00,,,
672,Burglary,2018-03-27 0:00:00,,,
673,Burglary,2018-03-27 0:00:00,600 BLOCK OF FRANKLIN AVE,40.6779034,-73.9555736
674,Burglary,2018-03-27 0:00:00,,,
675,Burglary,2018-03-27 0:00:00,,,
676,Burglary,2018-03-27 0:00:00,,,
677,Burglary,2018-03-27 0:00:00,,,
678,Burglary,2018-03-27 0:00:00,200 BLOCK OF W 118TH ST,40.8045775,-73.9519738
679,Burglary,2018-03-27 0:00:00,200 BLOCK OF E 182ND ST,40.8559898,-73.9005954
680,Burglary,2018-03-27 0:00:00,500 BLOCK OF W 164TH ST,,
681,Burglary,2018-03-27 0:00:00,2400 BLOCK OF LINDEN BLVD,40.6650904,-73.8743419
682,Burglary,2018-03-27 0:00:00,1585-1599 HASSOCK ST,40.6092539,-73.7534752
683,Burglary,2018-03-27 0:00:00,800 BLOCK OF SURF AVE,40.5744085,-73.9770241
684,Burglary,2018-03-27 0:00:00,,,
685,Burglary,2018-03-27 0:00:00,89-127 ST JAMES PL,40.6867157,-73.9642121
686,Burglary,2018-03-27 0:00:00,,,
687,Burglary,2018-03-27 0:00:00,300 BLOCK OF NEW YORK AVE,38.9090017,-77.0011538
688,Burglary,2018-03-27 0:00:00,400 BLOCK OF JEFFERSON AVE,,
689,Burglary,2018-03-27 0:00:00,,,
690,Burglary,2018-03-27 0:00:00,100 BLOCK OF 2ND AVE,40.7271167,-73.9883517
691,Burglary,2018-03-27 0:00:00,,,
692,Burglary,2018-03-27 0:00:00,2900 BLOCK OF W 155TH ST,38.8473659,-94.6492752
693,Burglary,2018-03-27 0:00:00,100 BLOCK OF SEA GATE RD,40.6083038,-74.0600592
694,Burglary,2018-03-27 0:00:00,200 BLOCK OF W 12TH ST,40.7372433,-74.0006687
695,Burglary,2018-03-26 0:00:00,,,
696,Burglary,2018-03-26 0:00:00,500 BLOCK OF E 78TH ST,40.7705501,-73.9509634
697,Burglary,2018-03-26 0:00:00,,,
698,Burglary,2018-03-26 0:00:00,1410-1412 YORK AVE,40.7684278,-73.9520937
699,Burglary,2018-03-26 0:00:00,1000 BLOCK OF CASTLE HILL AVE,40.8277446,-73.8498722
700,Burglary,2018-03-26 0:00:00,,,
701,Burglary,2018-03-26 0:00:00,,,
702,Burglary,2018-03-26 0:00:00,100 BLOCK OF W 40TH ST,40.7534168,-73.9855359
703,Burglary,2018-03-26 0:00:00,101-22 39TH AVE,40.7502009,-73.863914
704,Burglary,2018-03-26 0:00:00,,,
705,Burglary,2018-03-26 0:00:00,,,
706,Burglary,2018-03-26 0:00:00,,,
707,Burglary,2018-03-26 0:00:00,,,
708,Burglary,2018-03-26 0:00:00,,,
709,Burglary,2018-03-26 0:00:00,,,
710,Burglary,2018-03-26 0:00:00,,,
711,Burglary,2018-03-26 0:00:00,45-0 108TH ST,40.7406992,-73.8536185
712,Burglary,2018-03-26 0:00:00,2600-2604 E 24TH ST,32.6692598,-117.0750429
713,Burglary,2018-03-26 0:00:00,,,
714,Burglary,2018-03-26 0:00:00,,,
715,Burglary,2018-03-26 0:00:00,,,
716,Burglary,2018-03-26 0:00:00,,,
717,Burglary,2018-03-26 0:00:00,200 BLOCK OF BOND ST,39.2891096,-76.5957645
718,Burglary,2018-03-26 0:00:00,,,
719,Burglary,2018-03-26 0:00:00,00 BLOCK OF GREENPOINT AVE,40.7345896,-73.9374139
720,Burglary,2018-03-26 0:00:00,,,
721,Burglary,2018-03-26 0:00:00,,,
722,Burglary,2018-03-26 0:00:00,3900 BLOCK OF BRONXWOOD AVE,40.8838211,-73.8558565
723,Burglary,2018-03-26 0:00:00,,,
724,Burglary,2018-03-26 0:00:00,,,
725,Burglary,2018-03-26 0:00:00,,,
726,Burglary,2018-03-26 0:00:00,27-2 41ST AVE,40.751563,-73.938368
727,Burglary,2018-03-26 0:00:00,,,
728,Burglary,2018-03-25 0:00:00,W 149TH ST,40.8269707,-73.9438017
729,Burglary,2018-03-25 0:00:00,1800 BLOCK OF AMSTERDAM AVE,40.8280274,-73.9459704
730,Burglary,2018-03-25 0:00:00,,,
731,Burglary,2018-03-25 0:00:00,,,
732,Burglary,2018-03-25 0:00:00,,,
733,Burglary,2018-03-25 0:00:00,11-99 NORTON DR,40.5427564,-74.8860501
734,Burglary,2018-03-25 0:00:00,,,
735,Burglary,2018-03-25 0:00:00,,,
736,Burglary,2018-03-25 0:00:00,1100 BLOCK OF WILLMOHR ST,40.6568593,-73.9175345
737,Burglary,2018-03-25 0:00:00,1100 BLOCK OF WILLMOHR ST,40.6568593,-73.9175345
738,Burglary,2018-03-25 0:00:00,71-29-71-33 ROOSEVELT AVE,,
739,Burglary,2018-03-25 0:00:00,00 BLOCK OF LUIS MUNOZ MARIN BOULEVARD,40.7240873,-74.0405929
740,Burglary,2018-03-25 0:00:00,38-01 CORPORAL STONE ST,40.766656,-73.77091
741,Burglary,2018-03-25 0:00:00,00 BLOCK OF BEDFORD ST,42.3530752,-71.0582924
742,Burglary,2018-03-25 0:00:00,,,
743,Burglary,2018-03-25 0:00:00,,,
744,Burglary,2018-03-25 0:00:00,900 BLOCK OF WINTHROP ST,42.3893252,-83.1992744
745,Burglary,2018-03-25 0:00:00,2000-2014 E 23RD ST,40.6019624,-73.9489484
746,Burglary,2018-03-25 0:00:00,1100 BLOCK OF PROSPECT AVE,,
747,Burglary,2018-03-25 0:00:00,28-30 ELMIRA AVE,26.1691829,-98.2593182
748,Burglary,2018-03-25 0:00:00,00 BLOCK OF E 46TH ST,,
749,Burglary,2018-03-25 0:00:00,,,
750,Burglary,2018-03-25 0:00:00,,,
751,Burglary,2018-03-25 0:00:00,175-199 W 107TH ST,40.8011186,-73.9649353
752,Burglary,2018-03-25 0:00:00,1200 BLOCK OF BUSHWICK AVE,40.6880733,-73.9161594
753,Burglary,2018-03-25 0:00:00,1800 BLOCK OF QUENTIN RD,40.6085777,-73.9553473
754,Burglary,2018-03-25 0:00:00,,,
755,Burglary,2018-03-25 0:00:00,,,
756,Burglary,2018-03-25 0:00:00,,,
757,Burglary,2018-03-25 0:00:00,W 149TH ST,40.8269707,-73.9438017
758,Burglary,2018-03-25 0:00:00,1401-1421 BROOKLYN AVE,40.6389701,-73.9425053
759,Burglary,2018-03-25 0:00:00,,,
760,Burglary,2018-03-24 0:00:00,,,
761,Burglary,2018-03-24 0:00:00,2900 BLOCK OF BRIGGS AVE,40.8699599,-73.8873174
762,Burglary,2018-03-24 0:00:00,,,
763,Burglary,2018-03-24 0:00:00,,,
764,Burglary,2018-03-24 0:00:00,,,
765,Burglary,2018-03-24 0:00:00,501-505 ROCKAWAY PKWY,40.6562389,-73.9146186
766,Burglary,2018-03-24 0:00:00,4900 BLOCK OF 7TH AVE,,
767,Burglary,2018-03-24 0:00:00,200 BLOCK OF W 134TH ST,40.8147241,-73.9446704
768,Burglary,2018-03-24 0:00:00,,,
769,Burglary,2018-03-24 0:00:00,,,
770,Burglary,2018-03-24 0:00:00,00 BLOCK OF RIVINGTON ST,40.7196031,-73.986758
771,Burglary,2018-03-24 0:00:00,190-198 SULLIVAN ST,40.7286098,-74.0007614
772,Burglary,2018-03-24 0:00:00,147-1 ARCHER AVE,40.7007778,-73.8077641
773,Burglary,2018-03-24 0:00:00,3900 BLOCK OF BRONXWOOD AVE,40.8838211,-73.8558565
774,Burglary,2018-03-24 0:00:00,,,
775,Burglary,2018-03-24 0:00:00,,,
776,Burglary,2018-03-24 0:00:00,431-455 E 98TH ST,40.6579159,-73.9147856
777,Burglary,2018-03-24 0:00:00,1090-1098 NELSON AVE,40.8350473,-73.9272
778,Burglary,2018-03-24 0:00:00,I-95,36.8780134,-77.4037145
779,Burglary,2018-03-24 0:00:00,,,
780,Burglary,2018-03-24 0:00:00,500 BLOCK OF E 168TH ST,40.8310127,-73.9061125
781,Burglary,2018-03-24 0:00:00,600 BLOCK OF JAMES E. DAVIS AVENUE,40.6780404,-73.9499538
782,Burglary,2018-03-24 0:00:00,600 BLOCK OF JAMES E. DAVIS AVENUE,40.6780404,-73.9499538
783,Burglary,2018-03-24 0:00:00,141-151 HOPE AVE,,
784,Burglary,2018-03-24 0:00:00,300 BLOCK OF CENTRAL PARK WEST,40.7882884,-73.9674607
785,Burglary,2018-03-24 0:00:00,,,
786,Burglary,2018-03-24 0:00:00,900 BLOCK OF SUMMIT AVE,47.6268805,-122.3252741
787,Burglary,2018-03-24 0:00:00,1200 BLOCK OF HERKIMER ST,40.6774861,-73.9137714
788,Burglary,2018-03-24 0:00:00,900 BLOCK OF KNICKERBOCKER AVE,40.6908818,-73.9044222
789,Burglary,2018-03-24 0:00:00,94-10 133RD AVE,40.6753431,-73.8428145
790,Burglary,2018-03-24 0:00:00,,,
791,Burglary,2018-03-24 0:00:00,,,
792,Burglary,2018-03-24 0:00:00,,,
793,Burglary,2018-03-23 0:00:00,,,
794,Burglary,2018-03-23 0:00:00,,,
795,Burglary,2018-03-23 0:00:00,,,
796,Burglary,2018-03-23 0:00:00,,,
797,Burglary,2018-03-23 0:00:00,500 BLOCK OF COLUMBUS AVE,42.3423745,-71.0791767
798,Burglary,2018-03-23 0:00:00,300 BLOCK OF W 23RD ST,40.7452401,-73.9989464
799,Burglary,2018-03-23 0:00:00,154-1 113TH AVE,,
800,Burglary,2018-03-23 0:00:00,700 BLOCK OF E 236TH ST,40.8956003,-73.8561034
801,Burglary,2018-03-23 0:00:00,1400 BLOCK OF WARING AVE,34.0853105,-118.3498469
802,Burglary,2018-03-23 0:00:00,1900 BLOCK OF MATTHEWS AVE,40.848382,-73.862522
803,Burglary,2018-03-23 0:00:00,,,
804,Burglary,2018-03-23 0:00:00,00 BLOCK OF CLAVER PL,40.6824302,-73.9575352
805,Burglary,2018-03-23 0:00:00,200 BLOCK OF WESTWOOD AVE,40.6064767,-74.1174122
806,Burglary,2018-03-23 0:00:00,,,
807,Burglary,2018-03-23 0:00:00,3000 BLOCK OF WALLACE AVE,39.8124799,-86.0886782
808,Burglary,2018-03-23 0:00:00,100 BLOCK OF W 169TH ST,40.8396211,-73.9236855
809,Burglary,2018-03-23 0:00:00,134-25 33RD AVE,40.766822,-73.833234
810,Burglary,2018-03-23 0:00:00,,,
811,Burglary,2018-03-23 0:00:00,600 BLOCK OF BROADWAY,36.1598534,-86.7799994
812,Burglary,2018-03-23 0:00:00,,,
813,Burglary,2018-03-23 0:00:00,,,
814,Burglary,2018-03-23 0:00:00,1200 BLOCK OF CLOVE RD,40.6168782,-74.1044079
815,Burglary,2018-03-23 0:00:00,400 BLOCK OF MADISON AVE,40.7562408,-73.9770571
816,Burglary,2018-03-23 0:00:00,200 BLOCK OF AVENUE A,40.7292142,-73.980822
817,Burglary,2018-03-23 0:00:00,100 BLOCK OF W 93RD ST,40.7908018,-73.9696904
818,Burglary,2018-03-23 0:00:00,239-245 LEWIS AVE,,
819,Burglary,2018-03-23 0:00:00,,,
820,Burglary,2018-03-23 0:00:00,,,
821,Burglary,2018-03-23 0:00:00,243-251 BLEECKER ST,40.7308406,-74.0026298
822,Burglary,2018-03-23 0:00:00,,,
823,Burglary,2018-03-23 0:00:00,300 BLOCK OF TOMPKINS AVE,40.687715,-73.945082
824,Burglary,2018-03-23 0:00:00,400 BLOCK OF BROOKLYN AVE,40.6653308,-73.9453586
825,Burglary,2018-03-23 0:00:00,300 BLOCK OF 11TH ST,,
826,Burglary,2018-03-23 0:00:00,4000-4002 15TH AVE,40.6374004,-73.9824719
827,Burglary,2018-04-07 0:00:00,23-64 STEINWAY ST,40.7698475,-73.9101344
828,Burglary,2018-04-07 0:00:00,36-20 BROADWAY,40.762011,-73.920139
829,Burglary,2018-04-07 0:00:00,1000 BLOCK OF GERARD AVE,40.8303476,-73.9232844
830,Burglary,2018-04-07 0:00:00,600 BLOCK OF VANDERBILT AVE,40.6784295,-73.9688497
831,Burglary,2018-04-07 0:00:00,221-98 MERRICK BLVD,40.6780445,-73.7476137
832,Burglary,2018-04-07 0:00:00,3500 BLOCK OF BROADWAY,,
833,Burglary,2018-04-07 0:00:00,36-20 BROADWAY,40.762011,-73.920139
834,Burglary,2018-04-07 0:00:00,100 BLOCK OF VAN CORTLANDT AVE E,40.878524,-73.885253
835,Burglary,2018-04-07 0:00:00,100 BLOCK OF E 22ND ST,39.3145125,-76.6144871
836,Burglary,2018-04-07 0:00:00,400 BLOCK OF FRANKLIN AVE,,
837,Burglary,2018-04-07 0:00:00,500 BLOCK OF NEW YORK AVE,28.007251,-82.780333
838,Burglary,2018-04-07 0:00:00,3000 BLOCK OF BRIGHTON 3RD ST,40.5789788,-73.9649058
839,Burglary,2018-04-07 0:00:00,,,
840,Burglary,2018-04-07 0:00:00,28-0 CURTIS ST,,
841,Burglary,2018-04-07 0:00:00,,,
842,Burglary,2018-04-07 0:00:00,100 BLOCK OF RALPH AVE,,
843,Burglary,2018-04-07 0:00:00,1000 BLOCK OF METROPOLITAN AVE,40.714242,-73.935899
844,Burglary,2018-04-07 0:00:00,700 BLOCK OF OCEAN AVE,40.6457081,-73.960684
845,Burglary,2018-04-07 0:00:00,241-255 BAY 46TH ST,40.5878791,-73.9895755
846,Burglary,2018-04-07 0:00:00,,,
847,Burglary,2018-04-07 0:00:00,400 BLOCK OF W 149TH ST,40.8266382,-73.9433195
848,Burglary,2018-04-07 0:00:00,,,
849,Burglary,2018-04-07 0:00:00,1300 BLOCK OF NEEDHAM AVE,40.8777761,-73.852267
850,Burglary,2018-04-07 0:00:00,,,
851,Burglary,2018-04-07 0:00:00,5000-5004 RAOUL WALLENBERG WAY,40.634465,-73.992713
852,Burglary,2018-04-07 0:00:00,600 BLOCK OF SENECA AVE,40.565848,-74.5056096
853,Burglary,2018-04-07 0:00:00,23-64 STEINWAY ST,40.7698475,-73.9101344
854,Burglary,2018-04-07 0:00:00,54-0 97TH ST,40.7499041,-73.8688122
855,Burglary,2018-04-07 0:00:00,00 BLOCK OF LEXINGTON AVE,40.773008,-73.96032
856,Burglary,2018-04-07 0:00:00,100 BLOCK OF HOWARD AVE,40.685351,-73.9206788
857,Burglary,2018-04-07 0:00:00,,,
858,Burglary,2018-04-07 0:00:00,1000 BLOCK OF BROOK AVE,40.8270953,-73.9115932
859,Burglary,2018-04-07 0:00:00,58-23 58TH PL,40.7202902,-73.9105188
860,Burglary,2018-04-07 0:00:00,400 BLOCK OF LAGUARDIA PL,40.7269986,-73.9998762
861,Burglary,2018-04-07 0:00:00,10612-10614 VAN WYCK EXPY,40.688514,-73.809411
862,Burglary,2018-04-07 0:00:00,,,
863,Burglary,2018-04-07 0:00:00,1600 BLOCK OF SHORE PKWY,40.5950013,-73.9973336
864,Burglary,2018-04-06 0:00:00,900 BLOCK OF COLUMBUS AVE,39.9611755,-82.9987942
865,Burglary,2018-04-06 0:00:00,,,
866,Burglary,2018-04-06 0:00:00,300 BLOCK OF E 119TH ST,40.7987328,-73.9362535
867,Burglary,2018-04-06 0:00:00,2300 BLOCK OF FREDERICK DOUGLASS BLVD,40.8092807,-73.9515405
868,Burglary,2018-04-06 0:00:00,I-95,36.8780134,-77.4037145
869,Burglary,2018-04-06 0:00:00,64-1 QUEENS BLVD,40.7415383,-73.901397
870,Burglary,2018-04-06 0:00:00,,,
871,Burglary,2018-04-06 0:00:00,,,
872,Burglary,2018-04-06 0:00:00,3865-3881 RICHMOND AVE,40.5437743,-74.1647663
873,Burglary,2018-04-06 0:00:00,00 BLOCK OF E 205TH ST,40.8753868,-73.8834405
874,Burglary,2018-04-06 0:00:00,89-3 134TH ST,40.7008143,-73.8177709
875,Burglary,2018-04-06 0:00:00,125-0-125-10 172ND ST,48.1520296,-122.2325237
876,Burglary,2018-04-06 0:00:00,,,
877,Burglary,2018-04-06 0:00:00,200 BLOCK OF E 95TH ST,40.7843789,-73.9496375
878,Burglary,2018-04-06 0:00:00,400 BLOCK OF E 49TH ST,32.0457782,-81.0950656
879,Burglary,2018-04-06 0:00:00,,,
880,Burglary,2018-04-06 0:00:00,100 BLOCK OF W 15TH ST,40.7381186,-73.9969064
881,Burglary,2018-04-06 0:00:00,8100 BLOCK OF 135TH ST,38.8843914,-94.6806469
882,Burglary,2018-04-06 0:00:00,1800 BLOCK OF FLUSHING AVE,40.710529,-73.9207569
883,Burglary,2018-04-06 0:00:00,,,
884,Burglary,2018-04-06 0:00:00,300 BLOCK OF E 72ND ST,40.7687002,-73.9581772
885,Burglary,2018-04-06 0:00:00,397-399 MALCOLM X BLVD,40.8108814,-73.9435824
886,Burglary,2018-04-06 0:00:00,1300 BLOCK OF 86TH AVE,,
887,Burglary,2018-04-06 0:00:00,202-3-202-9 HOLLIS AVE,40.7066013,-73.7554447
888,Burglary,2018-04-06 0:00:00,20-99 121ST ST,40.7802118,-73.846706
889,Burglary,2018-04-06 0:00:00,,,
890,Burglary,2018-04-06 0:00:00,50-22 HILLYER ST,40.7700898,-74.22175
891,Burglary,2018-04-06 0:00:00,154-0 129TH AVE,42.6305483,-85.6081919
892,Burglary,2018-04-06 0:00:00,,,
893,Burglary,2018-04-05 0:00:00,200 BLOCK OF BROOK AVE,40.8061601,-73.9200175
894,Burglary,2018-04-05 0:00:00,,,
895,Burglary,2018-04-05 0:00:00,100 BLOCK OF W 197TH ST,,
896,Burglary,2018-04-05 0:00:00,00 BLOCK OF AVENUE T,,
897,Burglary,2018-04-05 0:00:00,9200 BLOCK OF AVENUE N,47.6963216,-122.3548483
898,Burglary,2018-04-05 0:00:00,100 BLOCK OF CHAMBERS ST,40.7146679,-74.0078222
899,Burglary,2018-04-05 0:00:00,,,
900,Burglary,2018-04-05 0:00:00,204-1 43RD AVE,40.7590862,-73.779727
901,Burglary,2018-04-05 0:00:00,2300 BLOCK OF 1ST AVENUE,,
902,Burglary,2018-04-05 0:00:00,100 BLOCK OF E 122ND ST,,
903,Burglary,2018-04-05 0:00:00,25400 BLOCK OF NORTHERN BLVD,40.7714224,-73.7345468
904,Burglary,2018-04-05 0:00:00,,,
905,Burglary,2018-04-05 0:00:00,168-33 JAMAICA AVE,40.705562,-73.791652
906,Burglary,2018-04-05 0:00:00,1500 BLOCK OF NOSTRAND AVE,40.6496736,-73.9496786
907,Burglary,2018-04-05 0:00:00,2800 BLOCK OF FORT HAMILTON PKWY,40.6491743,-73.9766187
908,Burglary,2018-04-05 0:00:00,300 BLOCK OF W 39TH ST,40.7553959,-73.991588
909,Burglary,2018-04-05 0:00:00,3200 BLOCK OF THIRD AVE,40.822688,-73.909127
910,Burglary,2018-04-05 0:00:00,,,
911,Burglary,2018-04-05 0:00:00,00 BLOCK OF KENMARE ST,40.7209004,-73.995751
912,Burglary,2018-04-05 0:00:00,00 BLOCK OF KENMARE ST,40.7209004,-73.995751
913,Burglary,2018-04-05 0:00:00,,,
914,Burglary,2018-04-05 0:00:00,900 BLOCK OF BELMONT AVE,39.9698149,-75.212019
915,Burglary,2018-04-05 0:00:00,100 BLOCK OF MILL ST,,
916,Burglary,2018-04-05 0:00:00,2200 BLOCK OF 78TH ST,,
917,Burglary,2018-04-05 0:00:00,2100 BLOCK OF 3RD AVE,47.6135579,-122.3422119
918,Burglary,2018-04-05 0:00:00,100 BLOCK OF MALCOLM X BLVD,40.6902812,-73.9308156
919,Burglary,2018-04-05 0:00:00,,,
920,Burglary,2018-04-05 0:00:00,500 BLOCK OF BROOKLYN AVE,40.6618867,-73.9455706
921,Burglary,2018-04-04 0:00:00,6200-6202 18TH AVE,40.6208669,-73.98843
922,Burglary,2018-04-04 0:00:00,249-98 RUSHMORE TERRACE,40.7656081,-73.7340832
923,Burglary,2018-04-04 0:00:00,100 BLOCK OF NEW YORK AVE,38.9089026,-77.0054021
924,Burglary,2018-04-04 0:00:00,300 BLOCK OF E 91ST ST,40.7808359,-73.9492308
925,Burglary,2018-04-04 0:00:00,00 BLOCK OF UNION SQUARE W,40.7365757,-73.9885814
926,Burglary,2018-04-04 0:00:00,00 BLOCK OF PRINCE ST,38.8042024,-77.0494345
927,Burglary,2018-04-04 0:00:00,100 BLOCK OF ROCKAWAY PKWY,40.6637432,-73.9235204
928,Burglary,2018-04-04 0:00:00,600 BLOCK OF 58TH ST,41.5782212,-93.7871481
929,Burglary,2018-04-04 0:00:00,1600 BLOCK OF 60TH ST,39.9759216,-75.2402372
930,Burglary,2018-04-04 0:00:00,00 BLOCK OF CANAL ST,29.9656015,-90.0871957
931,Burglary,2018-04-04 0:00:00,300 BLOCK OF E 5TH ST,,
932,Burglary,2018-04-04 0:00:00,100-1 111TH ST,40.7957839,-73.945402
933,Burglary,2018-04-04 0:00:00,113-98 107TH AVE,40.6829776,-73.8273518
934,Burglary,2018-04-04 0:00:00,200 BLOCK OF W 123RD ST,40.8077892,-73.9497639
935,Burglary,2018-04-04 0:00:00,500 BLOCK OF W 169TH ST,40.8405254,-73.9368262
936,Burglary,2018-04-04 0:00:00,1300 BLOCK OF NEEDHAM AVE,40.8777761,-73.852267
937,Burglary,2018-04-04 0:00:00,52-54 BLEECKER ST,40.7259294,-73.9946406
938,Burglary,2018-04-04 0:00:00,,,
939,Burglary,2018-04-04 0:00:00,1100 BLOCK OF SUPERVISING FIRE DISPATCHER DENNIS PATRICK O'CONNELL PL,,
940,Burglary,2018-04-04 0:00:00,1000 BLOCK OF LONGWOOD AVE,40.816712,-73.8974248
941,Burglary,2018-04-04 0:00:00,37-2 31ST AVE,40.7618446,-73.9187146
942,Burglary,2018-04-04 0:00:00,,,
943,Burglary,2018-04-04 0:00:00,,,
944,Burglary,2018-04-04 0:00:00,100 BLOCK OF 28TH ST,42.9122882,-85.6636352
945,Burglary,2018-04-04 0:00:00,,,
946,Burglary,2018-04-04 0:00:00,,,
947,Burglary,2018-04-04 0:00:00,21-98 75TH ST,41.7507486,-88.033893
948,Burglary,2018-04-04 0:00:00,300 BLOCK OF E 88TH ST,40.7789941,-73.9506544
949,Burglary,2018-04-04 0:00:00,1800-1804 BATHGATE AVE,40.8440174,-73.8986294
950,Burglary,2018-04-04 0:00:00,00 BLOCK OF W 14TH ST,40.7380309,-73.9990756
951,Burglary,2018-04-04 0:00:00,,,
952,Burglary,2018-04-04 0:00:00,200 BLOCK OF E 93RD ST,40.782841,-73.9504376
953,Burglary,2018-04-03 0:00:00,1200 BLOCK OF COMMONWEALTH AVE,42.3501664,-71.1298584
954,Burglary,2018-04-03 0:00:00,800 BLOCK OF ST MARKS AVE,40.674665,-73.946087
955,Burglary,2018-04-03 0:00:00,600 BLOCK OF ESPLANADE GARDENS PLAZA,40.8175676,-73.9382533
956,Burglary,2018-04-03 0:00:00,1200 BLOCK OF FTELEY AVE,40.8291981,-73.8715268
957,Burglary,2018-04-03 0:00:00,100 BLOCK OF 2ND AVE,40.7271167,-73.9883517
958,Burglary,2018-04-03 0:00:00,,,
959,Burglary,2018-04-03 0:00:00,1200 BLOCK OF E 46TH ST,40.6317176,-73.932377
960,Burglary,2018-04-03 0:00:00,7600 BLOCK OF BROADWAY,,
961,Burglary,2018-04-03 0:00:00,500 BLOCK OF CENTRAL AVE,27.7711621,-82.6402172
962,Burglary,2018-04-03 0:00:00,,,
963,Burglary,2018-04-03 0:00:00,3392-3398 102ND ST,,
964,Burglary,2018-04-03 0:00:00,76-2 WOODHAVEN BLVD,40.707671,-73.860505
965,Burglary,2018-04-03 0:00:00,300 BLOCK OF NEW LOTS AVE,40.6607244,-73.8952195
966,Burglary,2018-04-03 0:00:00,800 BLOCK OF SARATOGA AVE,37.3130993,-121.9769203
967,Burglary,2018-04-03 0:00:00,700 BLOCK OF FOUNTAIN AVE,40.6106354,-75.480691
968,Burglary,2018-04-03 0:00:00,800 BLOCK OF ST MARKS AVE,40.674665,-73.946087
969,Burglary,2018-04-03 0:00:00,300 BLOCK OF MALCOLM X BLVD,40.682566,-73.9292088
970,Burglary,2018-04-03 0:00:00,52-1 69TH PL,,
971,Burglary,2018-04-03 0:00:00,205TH ST,40.8741411,-73.8775224
972,Burglary,2018-04-03 0:00:00,00 BLOCK OF MACDONOUGH ST,40.6827034,-73.9290159
973,Burglary,2018-04-03 0:00:00,600 BLOCK OF JAMES E. DAVIS AVENUE,40.6780404,-73.9499538
974,Burglary,2018-04-03 0:00:00,800 BLOCK OF POLY PL,40.6081877,-74.0238872
975,Burglary,2018-04-03 0:00:00,200 BLOCK OF W 102ND ST,40.7978795,-73.9679199
976,Burglary,2018-04-03 0:00:00,500 BLOCK OF E 139TH ST,40.8081956,-73.9191839
977,Burglary,2018-04-03 0:00:00,983-999 E 27TH ST,42.820688,-106.3121468
978,Burglary,2018-04-03 0:00:00,,,
979,Burglary,2018-04-03 0:00:00,30-99 47TH ST,40.758686,-73.91113
980,Burglary,2018-04-03 0:00:00,94-66 43RD AVENUE,40.7450631,-73.8691734
981,Burglary,2018-04-03 0:00:00,200 BLOCK OF NY-24,40.73079,-73.45733
982,Burglary,2018-04-03 0:00:00,300 BLOCK OF 55TH ST,40.6447641,-74.0173089
983,Burglary,2018-04-03 0:00:00,77-0 19TH RD,40.7571936,-73.890403
984,Burglary,2018-04-03 0:00:00,900 BLOCK OF MELROSE AVE,,
985,Burglary,2018-04-03 0:00:00,85-27 57TH AVE,40.7324575,-73.8767203
986,Burglary,2018-04-03 0:00:00,21-37 OTSEGO ST,42.9042003,-74.5739995
987,Burglary,2018-04-02 0:00:00,,,
988,Burglary,2018-04-02 0:00:00,,,
989,Burglary,2018-04-02 0:00:00,,,
990,Burglary,2018-04-02 0:00:00,,,
991,Burglary,2018-04-02 0:00:00,500 BLOCK OF 10TH AVE,40.7574651,-73.9974111
992,Burglary,2018-04-02 0:00:00,148-1 17TH AVE,25.7733368,-80.223054
993,Burglary,2018-04-02 0:00:00,00 BLOCK OF E 3RD ST,,
994,Burglary,2018-04-02 0:00:00,,,
995,Burglary,2018-04-02 0:00:00,700 BLOCK OF ROGERS AVE,35.3845718,-94.4248004
996,Burglary,2018-04-02 0:00:00,,,
997,Burglary,2018-04-02 0:00:00,28-0 HUMPHREYS ST,40.7636836,-73.8677796
998,Burglary,2018-04-02 0:00:00,,,
999,Burglary,2018-04-02 0:00:00,,,
1000,Burglary,2018-04-02 0:00:00,,,
1001,Burglary,2018-04-02 0:00:00,00 BLOCK OF SPRING ST,,
1002,Burglary,2018-04-02 0:00:00,100 BLOCK OF E 16TH ST,39.788909,-86.1555432
1003,Burglary,2018-04-02 0:00:00,,,
1004,Burglary,2018-04-02 0:00:00,376-381 CENTRAL PARK WEST,40.7927626,-73.9639101
1005,Burglary,2018-04-02 0:00:00,4700 BLOCK OF 19TH AVE,29.1405344,-82.112545
1006,Burglary,2018-04-02 0:00:00,7200-7274 SHORE RD,40.635953,-74.0372208
1007,Burglary,2018-04-02 0:00:00,37-2 88TH ST,40.7500958,-73.8788164
1008,Burglary,2018-04-02 0:00:00,1400 BLOCK OF POPHAM AVE,40.8474222,-73.9222753
1009,Burglary,2018-04-02 0:00:00,,,
1010,Burglary,2018-04-02 0:00:00,152-99 32ND AVE,,
1011,Burglary,2018-04-02 0:00:00,167-173 NEW LOTS AVE,40.6591009,-73.8992307
1012,Burglary,2018-04-02 0:00:00,495-499 GRAND AVE,43.0729835,-73.8303045
1013,Burglary,2018-04-02 0:00:00,900 BLOCK OF MELROSE AVE,,
1014,Burglary,2018-04-02 0:00:00,,,
1015,Burglary,2018-04-02 0:00:00,200 BLOCK OF LAFAYETTE ST,40.7213773,-73.9983436
1016,Burglary,2018-04-02 0:00:00,,,
1017,Burglary,2018-04-01 0:00:00,100 BLOCK OF E 31ST ST,40.7449865,-73.9825726
1018,Burglary,2018-04-01 0:00:00,4100 BLOCK OF VICTORY BLVD,40.591526,-74.190089
1019,Burglary,2018-04-01 0:00:00,100 BLOCK OF E 31ST ST,40.7449865,-73.9825726
1020,Burglary,2018-04-01 0:00:00,,,
1021,Burglary,2018-04-01 0:00:00,,,
1022,Burglary,2018-04-01 0:00:00,,,
1023,Burglary,2018-04-01 0:00:00,400 BLOCK OF 7TH AVENUE,39.7320134,-75.5693918
1024,Burglary,2018-04-01 0:00:00,55-02 48TH ST,40.7290777,-73.9196729
1025,Burglary,2018-04-01 0:00:00,,,
1026,Burglary,2018-04-01 0:00:00,,,
1027,Burglary,2018-04-01 0:00:00,800 BLOCK OF E 179TH ST,40.8449585,-73.8865688
1028,Burglary,2018-04-01 0:00:00,300 BLOCK OF TOMPKINS AVE,40.687715,-73.945082
1029,Burglary,2018-04-01 0:00:00,31-18 44TH ST,40.759398,-73.9144832
1030,Burglary,2018-04-01 0:00:00,5500 BLOCK OF U.S. 9,,
1031,Burglary,2018-04-01 0:00:00,,,
1032,Burglary,2018-04-01 0:00:00,00 BLOCK OF E 11TH ST,40.7298468,-73.9856755
1033,Burglary,2018-03-31 0:00:00,800 BLOCK OF WASHINGTON AVE,43.0819062,-89.3754897
1034,Burglary,2018-03-31 0:00:00,,,
1035,Burglary,2018-03-31 0:00:00,,,
1036,Burglary,2018-03-31 0:00:00,106-1 80TH ST,40.629116,-74.0356661
1037,Burglary,2018-03-31 0:00:00,,,
1038,Burglary,2018-03-31 0:00:00,109-125 WEST ST,,
1039,Burglary,2018-03-31 0:00:00,,,
1040,Burglary,2018-03-31 0:00:00,,,
1041,Burglary,2018-03-31 0:00:00,3501-3555 73RD ST,40.7509147,-73.8930591
1042,Burglary,2018-03-31 0:00:00,,,
1043,Burglary,2018-03-31 0:00:00,,,
1044,Burglary,2018-03-31 0:00:00,,,
1045,Burglary,2018-03-31 0:00:00,35-10 BROADWAY,40.8253441,-73.9508984
1046,Burglary,2018-03-31 0:00:00,300 BLOCK OF MANHATTAN AVE,40.8028169,-73.958281
1047,Burglary,2018-03-31 0:00:00,160-1 119TH RD,40.680758,-73.784562
1048,Burglary,2018-03-31 0:00:00,400 BLOCK OF FRANKLIN AVE,,
1049,Burglary,2018-03-31 0:00:00,,,
1050,Burglary,2018-03-31 0:00:00,100 BLOCK OF E 158TH ST,41.6026594,-87.6502542
1051,Burglary,2018-03-31 0:00:00,,,
1052,Burglary,2018-03-31 0:00:00,800 BLOCK OF WASHINGTON AVE,43.0819062,-89.3754897
1053,Burglary,2018-03-31 0:00:00,1700 BLOCK OF 62ND ST,39.9770684,-75.2441574
1054,Burglary,2018-03-31 0:00:00,,,
1055,Burglary,2018-03-31 0:00:00,,,
1056,Burglary,2018-03-31 0:00:00,,,
1057,Burglary,2018-03-31 0:00:00,,,
1058,Burglary,2018-03-31 0:00:00,640-910 COLUMBIA ST,44.959101,-123.0256849
1059,Burglary,2018-03-31 0:00:00,1300 BLOCK OF LINCOLN PL,40.6698942,-73.9338001
1060,Burglary,2018-03-31 0:00:00,,,
1061,Burglary,2018-03-31 0:00:00,6764-6802 14TH AVE,38.5393841,-121.4253281
1062,Burglary,2018-03-31 0:00:00,,,
1063,Burglary,2018-03-31 0:00:00,,,
1064,Burglary,2018-03-31 0:00:00,,,
1065,Burglary,2018-04-12 0:00:00,400 BLOCK OF E 54TH ST,40.7560266,-73.9641121
1066,Burglary,2018-04-12 0:00:00,200 BLOCK OF NEW YORK AVE,38.9089515,-77.0046588
1067,Burglary,2018-04-12 0:00:00,3200 BLOCK OF PERRY AVE,40.8745597,-73.8768517
1068,Burglary,2018-04-12 0:00:00,5437-5477 U.S. 9,42.2187657,-73.7892542
1069,Burglary,2018-04-12 0:00:00,136-99 ROOSEVELT AVE,40.7606447,-73.8266746
1070,Burglary,2018-04-12 0:00:00,3300 BLOCK OF BROADWAY,,
1071,Burglary,2018-04-12 0:00:00,1200 BLOCK OF AVENUE U,40.5984009,-73.9601849
1072,Burglary,2018-04-12 0:00:00,100 BLOCK OF N BURGHER AVE,40.6389865,-74.1155352
1073,Burglary,2018-04-12 0:00:00,600 BLOCK OF E 85TH ST,40.7742732,-73.9452953
1074,Burglary,2018-04-12 0:00:00,84-48 120TH ST,40.7032013,-73.8315656
1075,Burglary,2018-04-12 0:00:00,138-36-138-50 NY-25,40.8736676,-72.9804695
1076,Burglary,2018-04-12 0:00:00,700 BLOCK OF BROADWAY,,
1077,Burglary,2018-04-12 0:00:00,1140-1148 RHINELANDER AVE,40.8522909,-73.8529183
1078,Burglary,2018-04-12 0:00:00,7100 BLOCK OF 32ND AVE,,
1079,Burglary,2018-04-12 0:00:00,18-65 211TH ST,40.780811,-73.7810179
1080,Burglary,2018-04-12 0:00:00,00 BLOCK OF LEXINGTON AVE,40.773008,-73.96032
1081,Burglary,2018-04-12 0:00:00,,,
1082,Burglary,2018-04-12 0:00:00,00 BLOCK OF STANTON ST,40.7209979,-73.9869493
1083,Burglary,2018-04-12 0:00:00,400 BLOCK OF E 54TH ST,40.7560266,-73.9641121
1084,Burglary,2018-04-12 0:00:00,35-2 31ST AVE,40.7626357,-73.9203933
1085,Burglary,2018-04-12 0:00:00,3900 BLOCK OF WILDER AVE,21.2955187,-157.8221231
1086,Burglary,2018-04-12 0:00:00,300 BLOCK OF 7TH AVE,47.6211089,-122.3436642
1087,Burglary,2018-04-12 0:00:00,,,
1088,Burglary,2018-04-12 0:00:00,100 BLOCK OF W 95TH ST,41.72198,-87.6268
1089,Burglary,2018-04-12 0:00:00,00 BLOCK OF FOUNTAIN AVE,,
1090,Burglary,2018-04-12 0:00:00,1400 BLOCK OF 53RD ST,,
1091,Burglary,2018-04-12 0:00:00,40-5 COLLEGE POINT BLVD,40.7580211,-73.833811
1092,Burglary,2018-04-12 0:00:00,107-99 173RD ST,40.6998851,-73.7826711
1093,Burglary,2018-04-12 0:00:00,119-57-119-99 91ST AVE,40.696153,-73.827855
1094,Burglary,2018-04-12 0:00:00,,,
1095,Burglary,2018-04-12 0:00:00,859-887 ASHFORD ST,,
1096,Burglary,2018-04-12 0:00:00,,,
1097,Burglary,2018-04-12 0:00:00,800 BLOCK OF CAFFREY AVE,40.60221,-73.7435191
1098,Burglary,2018-04-12 0:00:00,,,
1099,Burglary,2018-04-12 0:00:00,900 BLOCK OF TILDEN ST,40.0140814,-75.1883319
1100,Burglary,2018-04-12 0:00:00,87-2 ELMHURST AVE,40.7443775,-73.8785711
1101,Burglary,2018-04-12 0:00:00,00 BLOCK OF E BROADWAY,,
1102,Burglary,2018-04-12 0:00:00,100 BLOCK OF E BROADWAY,,
1103,Burglary,2018-04-12 0:00:00,244-246 RYERSON ST,40.6919894,-73.9646621
1104,Burglary,2018-04-11 0:00:00,31-90 STEINWAY ST,40.7592573,-73.919006
1105,Burglary,2018-04-11 0:00:00,819-825 COLUMBUS AVE,40.7954774,-73.965616
1106,Burglary,2018-04-11 0:00:00,144-99 183RD ST,25.9416265,-80.2036341
1107,Burglary,2018-04-11 0:00:00,31-90 STEINWAY ST,40.7592573,-73.919006
1108,Burglary,2018-04-11 0:00:00,2100-2102 MADISON AVE,43.6254143,-116.2155629
1109,Burglary,2018-04-11 0:00:00,900 BLOCK OF LA 65 DE INFANTERÃ­A,,
1110,Burglary,2018-04-11 0:00:00,,,
1111,Burglary,2018-04-11 0:00:00,200 BLOCK OF E FORDHAM RD,40.8623398,-73.8968513
1112,Burglary,2018-04-11 0:00:00,,,
1113,Burglary,2018-04-11 0:00:00,100 BLOCK OF 40TH RD,40.7487476,-73.8641202
1114,Burglary,2018-04-11 0:00:00,3392-3398 102ND ST,,
1115,Burglary,2018-04-11 0:00:00,100 BLOCK OF WILSON AVE,,
1116,Burglary,2018-04-11 0:00:00,100 BLOCK OF SCHAEFER ST,40.687271,-73.910189
1117,Burglary,2018-04-11 0:00:00,00 BLOCK OF BROOKLYN AVE,40.6781784,-73.9441579
1118,Burglary,2018-04-11 0:00:00,153-159 W 69TH ST,40.7762429,-73.982034
1119,Burglary,2018-04-11 0:00:00,300 BLOCK OF E 209TH ST,,
1120,Burglary,2018-04-11 0:00:00,100 BLOCK OF E 2ND ST,36.1543318,-95.9911956
1121,Burglary,2018-04-11 0:00:00,1000 BLOCK OF METROPOLITAN AVE,40.714242,-73.935899
1122,Burglary,2018-04-11 0:00:00,,,
1123,Burglary,2018-04-11 0:00:00,00 BLOCK OF W 192ND ST,40.8566364,-73.9296319
1124,Burglary,2018-04-11 0:00:00,,,
1125,Burglary,2018-04-11 0:00:00,,,
1126,Burglary,2018-04-11 0:00:00,6700 BLOCK OF 41ST AVE,47.5429813,-122.3844639
1127,Burglary,2018-04-11 0:00:00,2000 BLOCK OF MOHEGAN AVE,40.8437557,-73.8850398
1128,Burglary,2018-04-11 0:00:00,1600 BLOCK OF HUBBELL ST,43.1821687,-89.0588214
1129,Burglary,2018-04-11 0:00:00,7000 BLOCK OF 32ND AVE,47.679656,-122.3981532
1130,Burglary,2018-04-11 0:00:00,,,
1131,Burglary,2018-04-11 0:00:00,00 BLOCK OF W 27TH ST,37.5175686,-77.460059
1132,Burglary,2018-04-11 0:00:00,90-11 56TH AVE,40.737173,-73.872886
1133,Burglary,2018-04-11 0:00:00,819-825 COLUMBUS AVE,40.7954774,-73.965616
1134,Burglary,2018-04-11 0:00:00,,,
1135,Burglary,2018-04-11 0:00:00,00 BLOCK OF GREENWICH AVE,41.0261143,-73.6258779
1136,Burglary,2018-04-11 0:00:00,100 BLOCK OF 2ND AVE,40.7271167,-73.9883517
1137,Burglary,2018-04-11 0:00:00,200 BLOCK OF MCKIBBIN ST,40.7052663,-73.939395
1138,Burglary,2018-04-11 0:00:00,300 BLOCK OF 5TH AVE,40.7467735,-73.9859574
1139,Burglary,2018-04-11 0:00:00,781-783 SARATOGA AVE,40.6615316,-73.9154744
1140,Burglary,2018-04-10 0:00:00,700 BLOCK OF BROADWAY,,
1141,Burglary,2018-04-10 0:00:00,500 BLOCK OF W 111TH ST,40.8037113,-73.9638947
1142,Burglary,2018-04-10 0:00:00,500 BLOCK OF KNICKERBOCKER AVE,40.6977336,-73.9170126
1143,Burglary,2018-04-10 0:00:00,1800 BLOCK OF GLEASON AVE,40.8298257,-73.8656776
1144,Burglary,2018-04-10 0:00:00,8900 BLOCK OF AVENUE L,,
1145,Burglary,2018-04-10 0:00:00,2900 BLOCK OF AVENUE U,40.6003247,-73.9428862
1146,Burglary,2018-04-10 0:00:00,400 BLOCK OF WEST END AVE CORNERS CORPORATION WEST END AVE,40.7844942,-73.9807948
1147,Burglary,2018-04-10 0:00:00,00 BLOCK OF W 181ST ST,40.8503015,-73.9361431
1148,Burglary,2018-04-10 0:00:00,,,
1149,Burglary,2018-04-10 0:00:00,2700-2734 SNYDER AVE,40.6487959,-73.9522912
1150,Burglary,2018-04-10 0:00:00,,,
1151,Burglary,2018-04-10 0:00:00,,,
1152,Burglary,2018-04-10 0:00:00,,,
1153,Burglary,2018-04-10 0:00:00,119-0 199TH ST,40.6869588,-73.7622064
1154,Burglary,2018-04-10 0:00:00,,,
1155,Burglary,2018-04-10 0:00:00,200 BLOCK OF POWERS ST,40.7123442,-73.9429695
1156,Burglary,2018-04-10 0:00:00,3100 BLOCK OF AVENUE U,40.6014316,-73.9351525
1157,Burglary,2018-04-10 0:00:00,100 BLOCK OF AVENUE S,40.600527,-73.9819666
1158,Burglary,2018-04-10 0:00:00,1000 BLOCK OF HOME ST,,
1159,Burglary,2018-04-10 0:00:00,300 BLOCK OF MARY WARREN PLACE,,
1160,Burglary,2018-04-10 0:00:00,39-01 CORPORAL STONE ST,40.765413,-73.7706351
1161,Burglary,2018-04-10 0:00:00,600 BLOCK OF COLUMBUS AVE,40.7886957,-73.9709872
1162,Burglary,2018-04-10 0:00:00,,,
1163,Burglary,2018-04-10 0:00:00,,,
1164,Burglary,2018-04-10 0:00:00,331-335 SARATOGA AVE,37.322388,-121.9706792
1165,Burglary,2018-04-10 0:00:00,5TH AVE,40.7744146,-73.9656177
1166,Burglary,2018-04-10 0:00:00,1100 BLOCK OF AMSTERDAM AVE,40.8057502,-73.9620658
1167,Burglary,2018-04-10 0:00:00,500 BLOCK OF BRUCKNER BLVD,40.8098105,-73.9030262
1168,Burglary,2018-04-10 0:00:00,4800 BLOCK OF WHITE PLAINS RD,40.9057762,-73.8491819
1169,Burglary,2018-04-10 0:00:00,200 BLOCK OF E 54TH ST,40.7579569,-73.9685741
1170,Burglary,2018-04-10 0:00:00,300 BLOCK OF KING STEPHEN OF HUNGARY WAY,40.775027,-73.953462
1171,Burglary,2018-04-10 0:00:00,300 BLOCK OF WASHINGTON BRIDGE,47.7510741,-120.7401385
1172,Burglary,2018-04-10 0:00:00,2400-2428 E TREMONT AVE,40.8422741,-73.8528183
1173,Burglary,2018-04-10 0:00:00,,,
1174,Burglary,2018-04-10 0:00:00,,,
1175,Burglary,2018-04-10 0:00:00,66-77-66-99 BURNS ST,,
1176,Burglary,2018-04-10 0:00:00,257-0 87TH RD,40.7294029,-73.7107145
1177,Burglary,2018-04-10 0:00:00,150-62 LINDEN BLVD,40.6867561,-73.7924269
1178,Burglary,2018-04-10 0:00:00,,,
1179,Burglary,2018-04-10 0:00:00,,,
1180,Burglary,2018-04-10 0:00:00,700 BLOCK OF 68TH ST,38.6018077,-90.0791207
1181,Burglary,2018-04-10 0:00:00,13-37 MCBRIDE ST,40.6069035,-73.7572273
1182,Burglary,2018-04-10 0:00:00,,,
1183,Burglary,2018-04-09 0:00:00,100 BLOCK OF W 45TH ST,40.756806,-73.982998
1184,Burglary,2018-04-09 0:00:00,100 BLOCK OF W 45TH ST,40.756806,-73.982998
1185,Burglary,2018-04-09 0:00:00,705-715 5TH AVE,33.9954461,-118.4720332
1186,Burglary,2018-04-09 0:00:00,,,
1187,Burglary,2018-04-09 0:00:00,,,
1188,Burglary,2018-04-09 0:00:00,252D E 167TH ST,40.8334233,-73.9148695
1189,Burglary,2018-04-09 0:00:00,1876-1886 EASTCHESTER RD,40.8511229,-73.8443679
1190,Burglary,2018-04-09 0:00:00,100 BLOCK OF LUDLOW ST,39.9506902,-75.1531162
1191,Burglary,2018-04-09 0:00:00,400 BLOCK OF WOODWARD AVE,42.6362802,-83.2883821
1192,Burglary,2018-04-09 0:00:00,200 BLOCK OF GATES AVE,40.6852241,-73.9592767
1193,Burglary,2018-04-09 0:00:00,,,
1194,Burglary,2018-04-09 0:00:00,400 BLOCK OF EVERGREEN AVE,,
1195,Burglary,2018-04-09 0:00:00,222-0 115TH RD,,
1196,Burglary,2018-04-09 0:00:00,,,
1197,Burglary,2018-04-09 0:00:00,,,
1198,Burglary,2018-04-09 0:00:00,800 BLOCK OF W 187TH ST,40.855115,-73.9369184
1199,Burglary,2018-04-09 0:00:00,,,
1200,Burglary,2018-04-09 0:00:00,16-0 CODY AVE,,
1201,Burglary,2018-04-09 0:00:00,200 BLOCK OF STUYVESANT AVE,40.6883298,-73.933319
1202,Burglary,2018-04-09 0:00:00,600 BLOCK OF WOODWARD AVE,42.3304865,-83.0454931
1203,Burglary,2018-04-09 0:00:00,300 BLOCK OF AMBOY ST,40.6635587,-73.9130889
1204,Burglary,2018-04-09 0:00:00,3590-3592 THIRD AVE,40.8327151,-73.9049748
1205,Burglary,2018-04-09 0:00:00,121-0 LONG ST,,
1206,Burglary,2018-04-09 0:00:00,,,
1207,Burglary,2018-04-09 0:00:00,2200 BLOCK OF E 12TH ST,30.2744222,-97.7169014
1208,Burglary,2018-04-09 0:00:00,78-01 ROOSEVELT AVE,40.7473901,-73.8875698
1209,Burglary,2018-04-09 0:00:00,99-72 65TH AVE,40.730171,-73.852867
1210,Burglary,2018-04-09 0:00:00,200 BLOCK OF WYCKOFF AVE,40.9876471,-74.1562462
1211,Burglary,2018-04-09 0:00:00,00 BLOCK OF BOERUM PL,40.6897525,-73.9895811
1212,Burglary,2018-04-09 0:00:00,500 BLOCK OF E 173RD ST,40.8412734,-73.9001263
1213,Burglary,2018-04-09 0:00:00,4400 BLOCK OF FURMAN AVE,40.898197,-73.853147
1214,Burglary,2018-04-09 0:00:00,100 BLOCK OF CENTRAL AVE,27.3376298,-82.5424398
1215,Burglary,2018-04-09 0:00:00,,,
1216,Burglary,2018-04-09 0:00:00,,,
1217,Burglary,2018-04-09 0:00:00,,,
1218,Burglary,2018-04-09 0:00:00,500 BLOCK OF 88TH ST,41.7349241,-87.611869
1219,Burglary,2018-04-09 0:00:00,133-76-133-98 ROOSEVELT AVE,40.7589503,-73.8318989
1220,Burglary,2018-04-09 0:00:00,66-77-66-99 BURNS ST,,
1221,Burglary,2018-04-08 0:00:00,350-356 ST ANN'S AVE,40.8093209,-73.9154528
1222,Burglary,2018-04-08 0:00:00,100 BLOCK OF E 59TH ST,40.6517676,-73.9219517
1223,Burglary,2018-04-08 0:00:00,2200 BLOCK OF TIEBOUT AVE,40.8550145,-73.8978612
1224,Burglary,2018-04-08 0:00:00,48-02 48TH ST,40.738864,-73.917928
1225,Burglary,2018-04-08 0:00:00,,,
1226,Burglary,2018-04-08 0:00:00,3200 BLOCK OF THIRD AVE,40.822688,-73.909127
1227,Burglary,2018-04-08 0:00:00,,,
1228,Burglary,2018-04-08 0:00:00,800 BLOCK OF BRONX PARK S,40.8478368,-73.8828163
1229,Burglary,2018-04-08 0:00:00,100 BLOCK OF MOFFAT ST,40.685476,-73.908057
1230,Burglary,2018-04-08 0:00:00,82-99 BREVOORT ST,40.7055091,-73.8293865
1231,Burglary,2018-04-08 0:00:00,"829-835 SISTER THOMAS, S.C WAY",40.8173528,-73.8956157
1232,Burglary,2018-04-08 0:00:00,3500 BLOCK OF BROADWAY,,
1233,Burglary,2018-04-08 0:00:00,,,
1234,Burglary,2018-04-08 0:00:00,16624-16698 NY-25,40.8613975,-73.1212445
1235,Burglary,2018-04-08 0:00:00,2800 BLOCK OF MORRIS AVE,40.8699734,-73.8935993
1236,Burglary,2018-04-08 0:00:00,76-29 VLEIGH PL,40.721705,-73.819954
1237,Burglary,2018-04-08 0:00:00,,,
1238,Burglary,2018-04-08 0:00:00,1766-1778 UNIVERSITY AVE,42.2618646,-83.1824071
1239,Burglary,2018-04-08 0:00:00,679-707 ROCKAWAY AVE,40.6633033,-73.9091074